2080,Christina,Hedges,2025-01-05,1997-10-09,555-55-4336,16899 S Broken Heart Circle,Henderson,NV,89052,702-555-5555,hedges_27_christina@plutomail.io
2082,Heather,Johnson,2025-01-06,2007-06-14,555-55-3593,10575 N 82nd Avenue,Phoenix,AZ,85041,623-555-5555,hjohnson602@realmail.net
2083,Jennifer,Parker,2025-01-07,2003-04-02,555-55-9228,16190 E 36th Street,Scottsdale,AZ,85257,480-555-5555,jennifer_parker@fastmail.fm
2084,Donna,Soriano,2025-01-07,2008-09-09,555-55-9925,4691 NE 1st Avenue,Henderson,NV,89074,725-555-5555,d.soriano08@swiftsend.com
2085,Cassandra,Nosworthy,2025-01-07,2000-04-16,555-55-3701,3789 E Wet Coyote Avenue,Paradise Valley,AZ,85253,623-555-5555,c.nosworthy00@swiftsend.com
2086,Joseph,Kellogg,2025-01-08,2008-05-11,555-55-9151,12118 N Straight Bento Drive,Tempe,AZ,85281,623-555-5555,kcerealflakes@fastmail.fm
2087,Laura,Knorr,2025-01-08,2007-10-08,555-55-9744,16570 W Pointed Finger Lane,Tempe,AZ,85282,602-555-5555,knorr_67_laura@realmail.net
2088,Robert,Morgan,2025-01-09,2003-03-09,555-55-7420,7358 N Small View Court,Phoenix,AZ,85024,480-555-5555,rmorgan801@swiftsend.com
2089,Ashley,Andrews,2025-01-09,2006-07-13,555-55-7242,19786 E 22nd Avenue,Chandler,AZ,85246,602-555-5555,a.andrews06@plutomail.io
2092,Joey,Tarras,2025-01-10,2003-05-14,555-55-6937,1916 W 71st Avenue,Tempe,AZ,85283,623-555-5555,j.tarras03@swiftsend.com
2093,Steven,Russ,2025-01-10,1995-12-22,555-55-2298,8254 SW Happy Trails Place,Scottsdale,AZ,85254,602-555-5555,s.russ95@hooray.co
2095,Moshe,Arduser,2025-01-12,2001-03-26,555-55-3978,1815 NE Sudden Fall Circle,Tempe,AZ,85281,623-555-5555,arduser_25_moshe@plutomail.io
2097,Christian,Denter,2025-01-12,2008-04-30,555-55-7914,1016 NE Wavy Jaguar Place,Phoenix,AZ,85021,623-555-5555,christian_denter_72@iou.io
2098,Meyer,Young,2025-01-12,2008-12-09,555-55-4501,7001 W Bronze Bottle Lane,Mesa,AZ,85202,623-555-5555,meyer_young_16@iou.io
2099,Craig,Rowlands,2025-01-12,2008-02-09,555-55-7230,4828 SE 89th Street,Chandler,AZ,85246,480-555-5555,crowlands424@fastmail.fm
2101,Erik,Thomas,2025-01-12,2008-08-13,555-55-5035,16362 E 84th Street,Henderson,NV,89074,702-555-5555,thomas_e_08@plutomail.io
2102,Renee,Wishart,2025-01-12,2008-01-02,555-55-5620,3414 SE Weary Flower Way,Tempe,AZ,85281,623-555-5555,reneewishart476@swiftsend.com
2103,Carol,Zagorski,2025-01-12,1995-02-16,555-55-3556,8628 SW Shady Cord Road,Scottsdale,AZ,85251,623-555-5555,zagorski_66_carol@fastmail.fm
2104,Kelly,Bralver,2025-01-13,2008-03-30,555-55-3887,7090 NW Yellow Moon Avenue,Paradise Valley,AZ,85253,480-555-5555,kellybralver863@plutomail.io
2108,Amy,Colombo,2025-01-15,1997-01-16,555-55-8303,11093 S 98th Avenue,Paradise Valley,AZ,85253,602-555-5555,colombo_36_amy@iou.io
2110,Steven,Younie,2025-01-16,2005-05-10,555-55-9258,16680 NE Idle Mound Boulevard,Henderson,NV,89052,725-555-5555,syounie637@iou.io
2114,Lorraine,Murray,2025-01-17,1998-05-20,555-55-9720,14715 NW Wet Loop Lane,Tempe,AZ,85284,480-555-5555,murray_56_lorraine@realmail.net
2115,Melissa,Mathis,2025-01-17,2006-11-10,555-55-4598,19165 N Clear Day Drive,Tempe,AZ,85284,602-555-5555,melissa_mathis@hooray.co
2116,Staci,Watson,2025-01-17,2004-12-09,555-55-1488,3514 SE Standing Light Court,Scottsdale,AZ,85253,602-555-5555,staci_watson@realmail.net
2117,Amanda,Bullard,2025-03-04,1995-09-17,555-55-9122,7771 NE 18th Avenue,Henderson,NV,89015,702-555-5555,abullard896@iou.io
2118,Tami,Grace,2025-03-04,2001-02-23,555-55-1076,2498 NE Artichoke Way,Las Vegas,NV,89122,702-555-5555,grace_t_01@plutomail.io
2119,Rachel,Kress,2025-03-05,2008-09-25,555-55-8499,9468 E 9th Street,Mesa,AZ,85205,602-555-5555,rachel_kress_57@planetmail.co
2121,Zara,Marlett,2025-03-07,2005-03-01,555-55-1763,14873 W 12th Street,Las Vegas,NV,89120,702-555-5555,zara_marlett_55@rmail.net
2123,Robin,Lopey,2025-03-07,1995-10-04,555-55-4980,17835 SE Cloudy Kettle Street,Henderson,NV,89052,702-555-5555,robin_lopey@plutomail.io
2125,Amanda,Day,2025-03-08,2006-11-20,555-55-2422,5639 SW 96th Avenue,Las Vegas,NV,89119,702-555-5555,a.day06@fastmail.fm
2126,Jeff,Medwed,2025-03-09,1998-11-19,555-55-1396,1108 N 3rd Street,Las Vegas,NV,89119,725-555-5555,jeff_medwed@hooray.co
2128,Eileen,Bonner,2025-03-10,2003-12-25,555-55-3682,16588 W 86th Street,Las Vegas,NV,89121,702-555-5555,eileen_bonner_15@plutomail.io
2129,Andrew,Macnessa,2025-03-11,1998-12-19,555-55-8130,9339 N Coffee Bean Boulevard,Las Vegas,NV,89123,725-555-5555,a.macnessa98@hooray.co
2130,Sandy,Shamiya,2025-03-11,1995-05-22,555-55-4056,13084 SW Black Heart Street,Las Vegas,NV,89120,725-555-5555,s.shamiya95@hooray.co
2134,Diane,West,2025-03-13,2000-11-26,555-55-7630,10879 E Sideways Reservation Circle,Tempe,AZ,85283,602-555-5555,dwest770@realmail.net
2135,Kristen,Hurwyn,2025-03-14,2002-06-24,555-55-4333,9953 W 77th Avenue,Henderson,NV,89016,725-555-5555,hurwyn_46_kristen@plutomail.io
2136,Doug,Swanson,2025-03-14,1994-02-22,555-55-4717,16103 S 21st Street,Phoenix,AZ,85011,602-555-5555,d.swanson94@fastmail.fm
2137,Jen,Popovich,2025-04-21,2004-05-13,555-55-4776,6506 SE Pale Phantom Road,Phoenix,AZ,85022,480-555-5555,jen_popovich@realmail.net
2139,Ryan,Bigoney,2025-04-22,2005-12-19,555-55-7983,12249 E 9th Street,Las Vegas,NV,89120,702-555-5555,bigoney_r_05@hooray.co
2140,Hayera,Nash,2025-04-29,2008-03-03,555-55-4146,16177 N Fencers Lot Court,Peoria,AZ,85381,602-555-5555,nash_h_08@planetmail.co
2141,Patricia,Colgan,2025-05-04,2005-12-25,555-55-6936,3567 E Little Barn Lane,Paradise Valley,AZ,85253,480-555-5555,colgan_39_patricia@planetmail.co
2143,Dave,Douglas,2025-05-04,2008-07-01,555-55-4537,6715 SE 86th Street,Glendale,AZ,85304,623-555-5555,dave_douglas_39@plutomail.io
2144,Jerry,Goldberger,2025-05-05,1998-04-03,555-55-3891,5678 SW Andromeda Drive,Peoria,AZ,85380,480-555-5555,d.swanson94@fastmail.fm
2145,Debbie,Moore,2025-05-05,1994-11-28,555-55-6977,13063 NE 88th Avenue,Las Vegas,NV,89120,702-555-5555,dmoore149@swiftsend.com
2146,Charlie,Athons,2025-05-07,2008-06-21,555-55-7706,1189 NW Peaceful Chestnut Circle,Paradise Valley,AZ,85253,623-555-5555,charlie_athons_34@rmail.net
2148,Dawn,Hoinaes,2025-05-08,2002-07-13,555-55-6408,13306 S Breaking Cup Way,Paradise Valley,AZ,85253,602-555-5555,hoinaes_29_dawn@realmail.net
2149,Marcus,Hoye,2025-05-12,2005-05-18,555-55-3362,12714 SW Good Pickle Avenue,Henderson,NV,89052,725-555-5555,marcus_hoye_62@rmail.net
2173,Julie,Lang,2025-06-02,2000-02-12,555-55-3546,2693 NW Deutschman Circle,Bellingham,WA,98225,564-555-5555,j.lang@hooray.co
2174,Lorie,Grote,2025-06-11,1983-07-01,555-55-9107,15577 SE Sycamore Street,Sacramento,CA,95833,916-555-5555,lorie_g_mann@fastmail.fm
2175,Penelope,Diaz,2025-06-18,1987-01-15,555-55-9234,18301 S 40th Street,Louisville,KY,40258,502-555-5555,pen_diaz@hooray.co
2177,Robin,Haberland,2025-06-19,1994-05-23,555-55-4252,9963 E Welchman Way,Fort Worth,TX,76107,682-555-5555,robby_haber72@fastmail.fm
2176,Wendell,Falter,2025-06-19,1996-01-31,555-55-2103,16967 NW Drunk Reservation Road,Tucson,AZ,85715,520-555-5555,falter427@hooray.co
2178,William,Kline,2025-06-20,2001-12-25,555-55-6640,1380 S Diamond Avenue,San Antonio,TX,78228,210-555-5555,will_kline@hooray.co
2179,Rachel,Restad,2025-06-20,1994-07-17,555-55-4412,17590 W Leaping Pebble Drive,Tucson,AZ,85713,520-555-5555,rr_homestead@iou.io
2180,Gillian,Kalucki,2025-06-21,1998-11-21,555-55-9506,1011 W Sacred Horse Place,Phoenix,AZ,85004,623-555-5555,g_kalucki@hooray.co
2181,Dori,Freeman,2025-06-22,1993-04-07,555-55-8038,16282 SW 95th Avenue,Bakersfield,CA,93304,661-555-5555,d.freeman@rmail.net
2182,Jan,Weight,2025-06-22,1997-02-12,555-55-9233,5892 NW Orange Petal Court,Scottsdale,AZ,85250,480-555-5555,jweight304@rmail.net
2183,David,Radin,2025-06-24,1990-09-17,555-55-7108,6226 E Brittle Pit Court,Albuquerque,NM,87109,505-555-5555,david_rad_990@fastmail.fm
2184,Aaron,Kregiel,2025-06-25,2006-06-20,555-55-8308,8770 N 16th Avenue,Glendale,AZ,85304,623-555-5555,ak_regal_98@planetmail.co
2185,Ashley,Ward,2025-06-26,1998-02-28,555-55-7698,17408 NE Highmind Street,Colorado Springs,CO,80907,719-555-5555,a.ward@iou.io
2186,Jeremy,Hemming,2025-06-26,2005-01-03,555-55-9148,3785 SE Moody Horse Lane,Peoria,AZ,85382,623-555-5555,jhem_land@fastmail.fm
2187,Stacy,Lunsford,2025-06-26,1988-10-25,555-55-2392,6696 NE Winnow Hop Street,Lakewood,CO,80227,303-555-5555,stacy_lunsford@rmail.net
2188,Caroline,Campbell,2025-06-27,1996-09-21,555-55-7807,16521 NW 3rd Street,San Diego,CA,92123,858-555-5555,prime_caroline@iou.io
2189,Alta,Halen,2025-06-27,1992-05-31,555-55-9225,15893 NE Broken Wheel Lane,Tempe,AZ,85281,602-555-5555,ahalen314@planetmail.co
2190,Wendy,Lemaire,2025-06-28,2000-01-21,555-55-8610,3058 S Slowfalls Boulevard,Ogden,UT,84401,385-555-5555,wendy.lemaire@planetmail.co
2191,Jason,Vieira,2025-06-29,2002-09-30,555-55-6287,2452 NW Short Leg Road,Phoenix,AZ,85024,623-555-5555,j.vieira@hooray.co
2192,Mya,Mastroianni,2025-06-30,2008-06-18,555-55-4909,5013 SE Majestic Sands Avenue,Phoenix,AZ,85027,602-555-5555,mmastro2008@iou.io