101,Scottsdale Store,7350 North Scottsdale Road,Scottsdale,AZ,85253,480-555-5555,2012-04-16,1
202,Phoenix Store,117 North Washington Street,Phoenix,AZ,85003,602-555-5555,2015-03-09,3
303,Tempe Store,965 East University Drive,Tempe,AZ,85281,480-555-5555,2017-02-06,1
404,Chandler Store,500 San Marcos Boulevard,Chandler,AZ,85334,623-555-5555,2018-04-23,2
505,Mesa Store,65 N Greenfield Road,Mesa,AZ,85210,480-555-5555,2017-06-19,2
606,Paradise Valley Store,4727 East Cactus Drive,Paradise Valley,AZ,85253,602-555-5555,2014-06-16,1
707,Glendale Store,9400 West Glendale Avenue,Glendale,AZ,85305,623-555-5555,2018-09-25,3
808,Henderson Store,650 North Steffan Street,Henderson,NV,89014,702-555-5555,2024-03-11,3
999,Corporate Office,4150 N Drinkwater Boulevard,Scottsdale,AZ,85253,480-555-5555,2012-03-05,1
