612754,Evelyn,Messner,2012-03-05,1968-05-17,555-55-6344,9372 NW Rosy Gem Boulevard,Paradise Valley,AZ,85253,623-555-5555
697342,Samuel,Rosecreek,2012-03-05,1971-11-07,555-55-3879,8001 NE 82nd Street,Scottsdale,AZ,85259,480-555-5555
942437,Molly,Russell,2012-03-05,1977-12-03,555-55-2982,2494 S 28th Street,Phoenix,AZ,85037,623-555-5555
949386,Michael,Eade,2012-03-19,1986-06-02,555-55-3906,12584 S Small Bowl Place,Paradise Valley,AZ,85253,480-555-5555
160790,Craig,Mikkelson,2012-04-02,1980-10-16,555-55-1608,1950 E Sunstick Drive,Phoenix,AZ,85023,602-555-5555
980056,Karen,Hill,2012-11-13,1990-06-28,555-55-9565,1817 W 62nd Avenue,Paradise Valley,AZ,85253,480-555-5555
397399,Tina,Parker,2012-12-10,2001-01-16,555-55-1522,13184 SW 74th Street,Scottsdale,AZ,85256,602-555-5555
857281,Alissa,Belden,2012-12-19,2000-07-14,555-55-4416,12640 W Bankmore Road,Paradise Valley,AZ,85253,623-555-5555
938859,Ivan,Quobach,2013-06-12,1975-04-11,555-55-5702,10483 E 16th Street,Scottsdale,AZ,85257,602-555-5555
556542,Pamela,Frederickson,2013-10-07,1999-11-16,555-55-5147,15438 S 80th Street,Sun Lakes,AZ,85248,480-555-5555
592100,Daniel,Witter,2014-06-16,1987-09-27,555-55-2661,11327 SE Bent Arrow Court,Scottsdale,AZ,85251,480-555-5555
625494,Lamark,Davis,2014-07-31,1977-12-24,555-55-4529,9385 N 97th Street,Scottsdale,AZ,85250,480-555-5555
831942,Sarah,Paulson,2014-10-21,1981-03-18,555-55-4452,9179 SE Bitten Bluebird Avenue,Scottsdale,AZ,85259,602-555-5555
860735,Moses,Pollack,2014-12-11,1976-01-20,555-55-1982,15808 NW Syrup Tree Drive,Phoenix,AZ,85021,480-555-5555
334595,Jonathan,Kapsner,2015-01-16,1986-06-28,555-55-9597,9196 S 9th Street,Phoenix,AZ,85023,480-555-5555
376139,Curtis,Smith,2015-01-27,1990-06-19,555-55-5843,8520 NW 91st Avenue,Phoenix,AZ,85024,602-555-5555
546490,Jeannette,Lawrence,2015-03-03,1995-11-13,555-55-5524,16911 NW Rolling Lover Boulevard,Phoenix,AZ,85053,602-555-5555
314919,Renee,Zimmerman,2015-05-14,1990-07-15,555-55-3737,9044 SW 26th Street,Phoenix,AZ,85020,602-555-5555
425243,Audrey,Johnson,2015-05-25,1980-09-01,555-55-7704,12184 W Knotted Cart Avenue,Glendale,AZ,85301,602-555-5555
445066,Justin,Sutherland,2015-06-23,1990-11-03,555-55-4316,5278 E Moody Plateau Drive,Paradise Valley,AZ,85253,623-555-5555
845327,Anelise,Barber,2015-06-24,2004-05-01,555-55-8546,5682 S Turning Citrus Place,Phoenix,AZ,85039,480-555-5555
485191,Nick,Hurley,2015-07-07,1996-06-11,555-55-3563,9428 E 37th Street,Gilbert,AZ,85297,602-555-5555
782646,Alex,Goldswain,2015-07-15,1975-09-11,555-55-8271,9788 SE 64th Avenue,Mesa,AZ,85202,623-555-5555
116359,Angela,Harrison,2015-08-17,1983-05-25,555-55-4296,4735 NE 42nd Avenue,Scottsdale,AZ,85254,623-555-5555
713195,Joann,Deschler,2015-10-15,1986-01-19,555-55-2761,4762 SE Sightless Weed Court,Phoenix,AZ,85041,623-555-5555
402889,Jessa,Lazzari,2015-11-10,1980-12-07,555-55-5676,17224 NE 74th Avenue,Paradise Valley,AZ,85253,480-555-5555
363835,Austin,Crane,2015-12-17,1974-06-29,555-55-2978,15330 SE Nimble Bend Boulevard,Phoenix,AZ,85052,602-555-5555
175981,Marvin,Sora,2016-01-17,1996-09-05,555-55-3434,8273 S 9th Street,Tolleson,AZ,85353,623-555-5555
715343,Akira,Akashita,2016-04-11,1987-03-25,555-55-2647,2250 NE Tidal Wave Road,Paradise Valley,AZ,85253,623-555-5555
636477,Sandra,Leeper,2016-04-14,1980-01-15,555-55-9684,2968 SW Bushy Song Circle,Sun Lakes,AZ,85248,602-555-5555
402010,Simon,Dalton,2016-04-27,1976-09-18,555-55-5392,19698 W 29th Street,Phoenix,AZ,85020,623-555-5555
342700,Judy,Kaiser,2016-05-24,1978-07-16,555-55-9716,11216 NW Grey Gem Street,Phoenix,AZ,85008,480-555-5555
238174,Steven,Schaffer,2016-05-27,1996-11-20,555-55-6261,12462 E Bricketts Street,Scottsdale,AZ,85258,602-555-5555
471602,Alan,Cezanne,2016-07-06,1987-05-10,555-55-1970,3236 W Crying Moon Circle,Scottsdale,AZ,85252,602-555-5555
690775,Arthur,Renecki,2016-07-07,1986-02-05,555-55-5192,13038 E Sheer Brushfire Road,Scottsdale,AZ,85250,623-555-5555
844145,Ronald,Parker,2016-08-29,1980-09-25,555-55-7266,16646 NW 78th Avenue,Phoenix,AZ,85053,623-555-5555
813948,Maria,Waldrop,2016-08-30,1971-06-22,555-55-5333,14188 E Idaho Port Place,Scottsdale,AZ,85250,480-555-5555
673200,Adriana,Cappini,2016-09-12,1988-08-07,555-55-8849,7014 NW 84th Street,Phoenix,AZ,85028,602-555-5555
455003,Brett,Hill,2016-09-28,2000-07-27,555-55-5846,14647 E 82nd Street,Phoenix,AZ,85006,602-555-5555
424385,Cindy,Shouse,2017-01-18,2003-06-03,555-55-1769,17654 E Good Marriage Road,Gilbert,AZ,85298,602-555-5555
296477,Amy,Madison,2017-02-03,1978-11-12,555-55-3403,11637 NE Templeton Avenue,Phoenix,AZ,85026,602-555-5555
415673,Graham,Sproles,2017-02-06,1974-02-18,555-55-3163,9624 NW 36th Street,Chandler,AZ,85246,480-555-5555
506055,Barry,Dukov,2017-02-13,1970-10-03,555-55-8699,12434 NW Middlebick Way,Gilbert,AZ,85233,623-555-5555
768402,Thyrysa,Frazier,2017-02-16,1988-03-06,555-55-3398,3719 NE Highmind Drive,Paradise Valley,AZ,85253,480-555-5555
232117,Peter,Galdine,2017-02-24,2002-05-20,555-55-8190,13555 S 82nd Street,Mesa,AZ,85206,602-555-5555
605276,Kate,Johnson,2017-03-21,1987-10-07,555-55-7554,18025 NW Light Lip Road,Paradise Valley,AZ,85253,480-555-5555
160240,Marco,Buchinsky,2017-03-29,1995-11-29,555-55-2354,4328 SE Tree Root Boulevard,Tolleson,AZ,85353,602-555-5555
342434,Berle,Garland,2017-04-17,1983-09-04,555-55-7639,14923 NW 68th Street,Paradise Valley,AZ,85253,623-555-5555
520955,Shane,Anderson,2017-04-19,1994-04-17,555-55-2875,7659 NE Bald Gully Boulevard,Gilbert,AZ,85234,602-555-5555
800764,Thomas,Schoneberg,2017-05-08,1968-02-19,555-55-1858,8423 W Spotted Sunset Place,Phoenix,AZ,85005,602-555-5555
440095,Sonja,Dittrich,2017-05-18,1977-02-05,555-55-4880,15888 NW 85th Street,Phoenix,AZ,85027,623-555-5555
413223,Robert,Sankko,2017-05-25,1976-07-18,555-55-2133,6611 W Smokey Loop Circle,Scottsdale,AZ,85254,480-555-5555
377566,Avery,Steward,2017-05-25,1992-10-22,555-55-3451,16528 E 38th Avenue,Phoenix,AZ,85022,602-555-5555
365290,Dylan,Morrow,2017-05-29,1997-04-27,555-55-6375,10321 W Mild Venture Road,Tempe,AZ,85282,623-555-5555
304728,Bronwyn,Hughes,2017-06-03,2006-06-11,555-55-2843,8246 E Idaho Port Place,Scottsdale,AZ,85250,480-555-5555
952101,Kelly,Longware,2017-06-07,2001-07-26,555-55-7102,16574 SE Quarterby Road,Phoenix,AZ,85015,623-555-5555
672388,Donovan,McCaine,2017-06-19,1988-07-04,555-55-7522,11550 NE Dreaming Cloud Drive,Paradise Valley,AZ,85253,480-555-5555
648994,Rob,Gaehle,2017-07-04,1998-04-05,555-55-7540,2799 W 80th Avenue,Mesa,AZ,85205,480-555-5555
354581,Ron,Neumann,2017-07-12,2005-03-14,555-55-7875,9637 E 11th Avenue,Scottsdale,AZ,85253,623-555-5555
338483,Amanda,Wiedel,2017-07-12,1988-02-03,555-55-3100,2195 SW Andromeda Lane,Paradise Valley,AZ,85253,602-555-5555
489552,Gillian,Crossier,2017-07-24,1987-08-03,555-55-4446,13185 NE Cold Cricket Road,Paradise Valley,AZ,85253,480-555-5555
403542,Amanda,Diehl,2017-08-03,1997-10-08,555-55-2242,17213 N 24th Avenue,Mesa,AZ,85215,623-555-5555
697405,Stephanie,De Rosa,2017-08-07,1997-07-05,555-55-2345,6978 NE Wheeling Dagger Place,Tolleson,AZ,85353,480-555-5555
331826,Matthew,Horton,2017-08-14,1993-03-22,555-55-1266,5517 W 76th Street,Tempe,AZ,85283,623-555-5555
618412,Heather,Benson,2017-08-31,1997-10-02,555-55-6745,9131 E 95th Street,Phoenix,AZ,85035,602-555-5555
235444,Nathan,Mercurio,2017-09-05,1983-01-31,555-55-5251,10117 NW Spare Tire Road,Tempe,AZ,85281,602-555-5555
379887,Alandra,Rippe,2017-09-06,1988-02-03,555-55-5452,11818 SE Quiet Wagon Place,Phoenix,AZ,85004,623-555-5555
962021,Dee,O’Neill,2017-09-10,1997-08-23,555-55-9847,11623 SE Resting Avenue,Tolleson,AZ,85353,602-555-5555
690870,Margaret,Sullivan,2017-09-13,1990-12-13,555-55-6777,18056 W 66th Street,Scottsdale,AZ,85260,480-555-5555
537985,Albert,Culley,2017-10-12,1997-11-15,555-55-5430,15115 SW Ultimate Cacti Place,Mesa,AZ,85214,602-555-5555
561458,Deborah,Howard,2017-10-23,1997-06-11,555-55-6323,2072 NE Cracked Seed Place,Scottsdale,AZ,85251,602-555-5555
793605,Raelene,Mitchell,2017-11-07,1998-11-02,555-55-9666,2601 SW Creased Conquistador Avenue,Scottsdale,AZ,85253,480-555-5555
264166,Hans,White,2017-12-27,2000-10-01,555-55-4215,18163 SE 58th Street,Mesa,AZ,85206,602-555-5555
287098,Gordon,Badeau,2017-12-29,1983-03-12,555-55-4882,16658 E Mountain View Boulevard,Scottsdale,AZ,85255,480-555-5555
391307,Andy,Sessler,2018-01-09,1982-07-04,555-55-9893,6685 N Brisk Hedge Boulevard,Phoenix,AZ,85037,602-555-5555
927495,Alonzo,McDool,2018-01-15,2002-01-27,555-55-2484,7004 E 46th Street,Mesa,AZ,85206,480-555-5555
591524,Mitchell,Lipps,2018-01-16,1990-08-16,555-55-7099,5848 S Silky Camel Court,Sun Lakes,AZ,85248,480-555-5555
809112,William,Aarons,2018-01-17,1997-11-27,555-55-9663,12315 SW 86th Avenue,Phoenix,AZ,85039,602-555-5555
334988,Amy,Willems,2018-01-19,1999-10-13,555-55-1585,13678 NW Auburn Cacti Boulevard,Phoenix,AZ,85020,602-555-5555
230081,Calvin,Southton,2018-01-23,2000-05-09,555-55-5384,3568 NE 39th Avenue,Phoenix,AZ,85020,623-555-5555
891875,Darryl,Morgan,2018-01-24,1997-06-21,555-55-4470,16359 NE 75th Avenue,Scottsdale,AZ,85254,602-555-5555
883727,Genevieve,Poole,2018-01-29,1986-04-12,555-55-6664,7986 NE 5th Avenue,Gilbert,AZ,85233,480-555-5555
495755,Gwen,Thompson-Gern,2018-01-29,1982-10-30,555-55-2331,3178 E 65th Avenue,Paradise Valley,AZ,85253,480-555-5555
581931,Lawrence,McCauley,2018-02-12,1999-04-07,555-55-2554,1538 SW Tinted Window Avenue,Paradise Valley,AZ,85253,602-555-5555
314168,Valerie,Stetson,2018-02-13,1980-04-13,555-55-6879,1930 N Small Bowl Lane,Phoenix,AZ,85024,623-555-5555
189015,Leelee,Stewart,2018-02-23,1987-11-22,555-55-4371,6701 E 56th Avenue,Paradise Valley,AZ,85253,602-555-5555
379003,Gail,Wolsky,2018-03-07,1995-06-10,555-55-7539,11100 SE Flowing Gold Court,Tempe,AZ,85281,480-555-5555
838878,Jakkob,Gaulding,2018-03-12,2000-01-22,555-55-2525,12121 E Quiet Scorpion Lane,Mesa,AZ,85209,480-555-5555
260284,Will,Moss,2018-03-12,2000-10-09,555-55-3845,5118 N Striped Cat Street,Glendale,AZ,85308,602-555-5555
208324,Christine,Powers,2018-03-12,1980-07-18,555-55-4804,18196 SE 68th Street,Mesa,AZ,85214,623-555-5555
640629,Connie,Miller,2018-03-13,1997-12-09,555-55-6831,10830 NE Avalonia Road,Tempe,AZ,85285,480-555-5555
813483,Archie,Strauss,2018-03-13,1999-06-18,555-55-4254,4173 N 4th Avenue,Mesa,AZ,85205,623-555-5555
816369,Greg,Rukin,2018-03-16,1990-11-20,555-55-1209,7421 NE 8th Avenue,Tempe,AZ,85282,480-555-5555
686383,Janet,Robinson,2018-03-21,1987-09-13,555-55-6995,3585 N 41st Avenue,Sun Lakes,AZ,85248,623-555-5555
229195,Chase,Templesmith,2018-03-21,1998-09-12,555-55-5504,3218 N Avalonia Lane,Mesa,AZ,85202,623-555-5555
501145,Sylvia,Uster,2018-03-21,1988-10-09,555-55-1014,19575 NE 13th Avenue,Tempe,AZ,85281,602-555-5555
107431,Francis,Serrano,2018-03-25,2006-01-20,555-55-9226,2757 N 52nd Street,Tolleson,AZ,85353,480-555-5555
276427,Bob,Kline,2018-03-26,1999-11-08,555-55-8885,16063 SW Hornet Sting Street,Scottsdale,AZ,85258,623-555-5555
452203,Jan,Goldstein,2018-04-10,2000-08-21,555-55-6449,2691 NE 57th Avenue,Gilbert,AZ,85295,480-555-5555
291240,Janine,Perissi,2018-04-13,1980-09-01,555-55-9602,16712 S Good Eye Avenue,Tempe,AZ,85282,602-555-5555
521551,Edgar,Mellotz,2018-04-23,1999-03-16,555-55-4272,1844 N Certain Doom Boulevard,Tolleson,AZ,85353,480-555-5555
438370,Miles,Altman,2018-05-07,1998-03-09,555-55-4046,2714 W Twisted Palm Avenue,Scottsdale,AZ,85256,623-555-5555
968077,Marsha,Globus,2018-05-11,1983-07-04,555-55-6310,13117 SE Quicksand Circle,Gilbert,AZ,85299,602-555-5555
829817,Penny,Fera,2018-05-15,1999-06-24,555-55-9639,13254 W Sheer Dustbowl Boulevard,Tempe,AZ,85282,602-555-5555
796483,Donna,Rood,2018-05-15,2002-12-22,555-55-4485,15380 N Short Dagger Boulevard,Phoenix,AZ,85020,623-555-5555
367308,Carol,Collins,2018-05-16,1968-09-29,555-55-1921,16357 NE 51st Street,Chandler,AZ,85246,480-555-5555
156215,Randy,Holtz,2018-05-17,1983-04-20,555-55-7386,19720 NE Amber Bed Place,Glendale,AZ,85303,623-555-5555
398521,Lorraine,Milbourne,2018-05-17,1997-02-24,555-55-9496,9183 E Soaring Heights Road,Tempe,AZ,85282,623-555-5555
277985,Rob,Gantt,2018-05-22,1998-01-05,555-55-3181,12060 N Blue Crater Circle,Mesa,AZ,85205,623-555-5555
575330,Malcolm,Kato,2018-05-25,1997-06-25,555-55-3751,8352 E Egg Stealer Road,Phoenix,AZ,85045,480-555-5555
320307,Edward,Gambrell,2018-05-29,2002-09-19,555-55-2248,16031 SW 53rd Street,Sun Lakes,AZ,85248,480-555-5555
110571,Sam,Longtacket,2018-06-08,1976-07-09,555-55-4235,1208 SW 2nd Avenue,Scottsdale,AZ,85250,623-555-5555
307186,Link,Chessare,2018-06-10,2008-01-12,555-55-2282,3630 S Far Shores Road,Scottsdale,AZ,85260,602-555-5555
756575,John,Katzka,2018-06-18,2002-04-13,555-55-3707,1997 NW 2nd Avenue,Scottsdale,AZ,85257,602-555-5555
756474,Margaret,Querner,2018-07-13,1993-03-19,555-55-7476,15333 E 64th Street,Paradise Valley,AZ,85253,480-555-5555
471304,Theodore,Reynolds,2018-07-17,1991-04-14,555-55-3876,19994 S 68th Avenue,Tempe,AZ,85283,480-555-5555
398897,Seth,Lenski,2018-07-23,1983-01-17,555-55-9906,17200 E Horned King Court,Chandler,AZ,85249,623-555-5555
376116,Ken,Wheeler,2018-07-30,1999-12-17,555-55-6111,11563 S Low Rise Boulevard,Peoria,AZ,85383,480-555-5555
694557,James,Markowski,2018-08-15,2002-03-06,555-55-1311,19986 W Red Dust Street,Gilbert,AZ,85234,480-555-5555
316243,Lloyd,Linoi,2018-08-29,1999-11-05,555-55-6994,15569 NW Shooting Wagon Circle,Tempe,AZ,85281,480-555-5555
622339,Lorne,Hoffsteder,2018-08-30,2000-04-18,555-55-6455,9327 W Twisted Coal Mine Court,Phoenix,AZ,85039,602-555-5555
606347,Lowell,Barbour,2018-09-03,1990-10-22,555-55-9570,6965 S Golden Arrow Place,Phoenix,AZ,85022,602-555-5555
117550,Douglas,Phillips,2018-09-04,2002-12-27,555-55-1840,5196 SE Happy Star Court,Paradise Valley,AZ,85253,602-555-5555
527563,Wayne,McGruddy,2018-09-12,1987-02-12,555-55-9172,2512 NE Crying Moon Lane,Glendale,AZ,85305,602-555-5555
476373,Gill,Bolton,2018-09-13,1986-04-15,555-55-6897,19156 SW 92nd Avenue,Tempe,AZ,85284,602-555-5555
552526,Dennis,Long,2018-09-17,1980-08-05,555-55-3733,9826 S 11th Street,Phoenix,AZ,85037,623-555-5555
674905,Arthur,McKnight,2018-09-20,1998-09-21,555-55-2014,9550 NE 74th Street,Phoenix,AZ,85013,623-555-5555
880049,Edwin,Marks,2018-09-24,1999-02-11,555-55-6596,8590 W Middlebick Street,Phoenix,AZ,85043,602-555-5555
949191,Erika,Nelson,2018-09-25,1997-03-13,555-55-5110,1250 NE 45th Avenue,Paradise Valley,AZ,85253,623-555-5555
693746,Alina,Sojeski,2018-09-28,1988-01-20,555-55-4511,1474 S Custard Circle,Scottsdale,AZ,85256,602-555-5555
209669,Veronica,Balfroid,2018-10-01,1994-07-02,555-55-5503,1732 NE 35th Street,Glendale,AZ,85308,623-555-5555
655216,Jack,Churcher,2018-10-12,1998-02-21,555-55-7237,17184 N 17th Street,Sun Lakes,AZ,85248,623-555-5555
149572,Samantha,Dannhoff,2018-10-12,1991-09-09,555-55-6131,8285 SE 16th Street,Phoenix,AZ,85038,602-555-5555
756195,Lauren,Cole,2018-10-22,2002-05-11,555-55-9505,14361 W Humble Fire Road,Scottsdale,AZ,85253,480-555-5555
725990,Ramone,Chamberlain,2018-10-26,1992-08-09,555-55-1649,19380 SW Noble Leak Boulevard,Phoenix,AZ,85023,480-555-5555
929697,Evan,Dripchak,2018-11-01,1999-04-24,555-55-5869,10831 S 16th Street,Tempe,AZ,85281,623-555-5555
858820,Gloria,Adams,2018-11-02,1997-03-01,555-55-9931,2260 E 91st Avenue,Tempe,AZ,85285,623-555-5555
315012,Simon,Blaisdell,2018-11-05,1990-08-02,555-55-4324,2856 NE Gila Monster Drive,Chandler,AZ,85224,602-555-5555
619453,Kathy,Rhines,2018-11-06,1997-11-25,555-55-2227,19428 NE Violet Stone Boulevard,Peoria,AZ,85382,602-555-5555
687715,Merv,Kouratouras,2018-11-14,1997-10-15,555-55-5249,6407 NW Slow Eagle Road,Gilbert,AZ,85295,602-555-5555
291051,Zuzana,Pagonis,2018-11-30,1970-04-18,555-55-6357,3378 W Clear Day Road,Tempe,AZ,85281,623-555-5555
212537,Gwen,Ivans,2019-01-01,1997-03-19,555-55-7171,10883 S Sleeping Plateau Court,Peoria,AZ,85381,480-555-5555
395557,Clint,Duffie,2019-01-03,1998-05-03,555-55-6163,6206 W Teetering Brook Street,Paradise Valley,AZ,85253,480-555-5555
541280,Mari,Krehl,2019-01-17,1978-05-06,555-55-8112,2716 NE Peaceful Scorpion Court,Paradise Valley,AZ,85253,623-555-5555
925835,Judy,Elsley,2019-01-22,1997-10-12,555-55-8478,2015 SW 79th Avenue,Gilbert,AZ,85298,602-555-5555
963105,Leslie,Tanenbaum,2019-02-04,1997-03-31,555-55-6232,7069 E Low Sights Drive,Tempe,AZ,85282,480-555-5555
346308,Katherine,Shure,2019-02-11,2000-12-28,555-55-9764,17023 E Slackjaw Avenue,Glendale,AZ,85303,623-555-5555
811732,Shantle,Meleisea,2019-02-12,1999-08-05,555-55-9618,15525 NE Wicked Sands Way,Phoenix,AZ,85024,623-555-5555
243627,Dana,Saracino,2019-02-18,1996-04-18,555-55-9960,9085 SE 37th Avenue,Gilbert,AZ,85234,623-555-5555
502982,Selena,Dumler,2019-03-01,1994-07-06,555-55-1995,2498 SW Leaning Resort Boulevard,Mesa,AZ,85205,602-555-5555
904362,Sheridon,West,2019-03-02,2004-06-25,555-55-8096,4811 S Biting Echo Court,Tempe,AZ,85283,623-555-5555
215716,Carl,Ricotta,2019-03-07,1997-06-24,555-55-1831,3721 NE Pickled River Street,Mesa,AZ,85214,623-555-5555
156287,Chantal,Anderson,2019-03-13,1993-03-27,555-55-6149,11895 W Slackjaw Street,Tempe,AZ,85282,480-555-5555
628844,Sheldon,Pace,2019-03-13,1999-12-01,555-55-4132,2756 SE Atlantic Drive,Peoria,AZ,85383,480-555-5555
643970,Victoria,Herzburg,2019-03-20,1996-12-20,555-55-1427,10703 SW Rocky Plateau Circle,Paradise Valley,AZ,85253,480-555-5555
421620,Arnold,Starek,2019-04-02,1999-06-25,555-55-9785,10503 N Secret Fort Court,Chandler,AZ,85249,602-555-5555
745886,Regina,Moore,2019-04-18,1982-05-16,555-55-8201,15229 SW Atlantic Boulevard,Paradise Valley,AZ,85253,602-555-5555
184657,Terry,Bavin,2019-04-22,1997-12-13,555-55-3206,12050 E 65th Avenue,Gilbert,AZ,85233,480-555-5555
114861,Janeil,Benson,2019-04-22,1992-11-13,555-55-6873,16646 SE Bushy Dawn Avenue,Mesa,AZ,85202,602-555-5555
288542,Ilene,Glascow,2019-04-29,1994-08-04,555-55-6052,4414 NW 80th Street,Gilbert,AZ,85295,602-555-5555
433780,Bill,Kanter,2019-05-02,2002-10-18,555-55-2835,7290 W Broken Steppe Avenue,Tolleson,AZ,85353,480-555-5555
968479,Birgitta,Koston,2019-05-02,1988-10-14,555-55-8773,14576 N 44th Avenue,Tempe,AZ,85281,480-555-5555
636199,Anastacia,Gron,2019-05-03,2003-08-29,555-55-8197,4402 NE 38th Avenue,Phoenix,AZ,85038,480-555-5555
100756,Terri,Webster,2019-05-08,1990-06-16,555-55-5315,1601 W 85th Avenue,Mesa,AZ,85216,602-555-5555
166898,Phillip,Nilsson,2019-05-09,1996-10-05,555-55-3873,2834 E 82nd Street,Mesa,AZ,85215,480-555-5555
344250,Ashley,Barnhart,2019-05-21,1999-10-23,555-55-5046,10670 NE Sunken Dragon Circle,Glendale,AZ,85303,480-555-5555
934749,Suzanne,Dunne,2019-05-27,1989-09-23,555-55-3569,2864 S Short Sun Circle,Phoenix,AZ,85020,480-555-5555
219346,Sam,Renzulli,2019-05-27,1997-09-02,555-55-5138,17786 E 38th Street,Sun Lakes,AZ,85248,602-555-5555
714605,Arthur,Lang,2019-05-29,1996-02-27,555-55-9044,5857 NE Dusted Chuckwalla Road,Mesa,AZ,85209,480-555-5555
182572,Trevor,O'Connell,2019-05-31,1999-08-06,555-55-8766,17434 W Round View Way,Peoria,AZ,85383,602-555-5555
946858,Art,Witt,2019-05-31,1994-04-11,555-55-5616,14747 W 44th Avenue,Sun Lakes,AZ,85248,602-555-5555
241982,Troy,Danna,2019-06-03,1999-06-22,555-55-7932,4148 NE Salted Cord Lane,Paradise Valley,AZ,85253,623-555-5555
432318,Joanne,Costa,2019-06-04,2000-10-10,555-55-9799,15926 E 64th Avenue,Chandler,AZ,85248,623-555-5555
542210,Lee,Naddour,2019-06-11,1984-08-06,555-55-6146,10203 SE Crimson Refuge Circle,Scottsdale,AZ,85251,623-555-5555
943183,Lynn,Kilmartin,2019-06-12,1997-06-15,555-55-1713,2038 SW Splendid Catch Way,Phoenix,AZ,85023,623-555-5555
989802,Peg,McRae,2019-06-17,1992-12-19,555-55-6435,4780 SW 54th Avenue,Glendale,AZ,85301,623-555-5555
434287,Douglas,Weyland,2019-06-18,1967-02-22,555-55-2681,14595 S Brittle Cavern Court,Chandler,AZ,85248,480-555-5555
188310,Larry,Houle,2019-06-28,2003-03-25,555-55-9286,10231 SW Taxidermy Circle,Mesa,AZ,85205,480-555-5555
916536,Phil,Kerr,2019-07-11,1991-12-12,555-55-2817,17947 NE Rusted Well Lane,Phoenix,AZ,85002,480-555-5555
338335,Vicky,Hwang,2019-07-16,1999-06-06,555-55-9746,2246 SE Slackjaw Place,Gilbert,AZ,85233,623-555-5555
327735,Lionel,Prink,2019-07-22,2002-04-10,555-55-5945,17416 NW Halting Mill Drive,Phoenix,AZ,85020,480-555-5555
223547,Mentor,Beal,2019-07-24,2000-10-30,555-55-5206,18531 N Shadow Bandit Court,Scottsdale,AZ,85254,480-555-5555
694417,Rachel,Edgerly-Fahli,2019-07-26,1999-12-23,555-55-4469,6976 S Drunk Cabin Avenue,Paradise Valley,AZ,85253,602-555-5555
476077,Philip,Werden,2019-08-01,1997-09-04,555-55-1051,12261 SW 19th Avenue,Tempe,AZ,85281,623-555-5555
879929,Paul,Goodson,2019-08-04,1999-03-01,555-55-9109,2917 W 61st Street,Paradise Valley,AZ,85253,480-555-5555
517674,Stephanie,Lairamore,2019-08-06,2000-08-06,555-55-5983,6553 SW Dusted Basin Road,Mesa,AZ,85210,623-555-5555
497880,Gary,Heffernan,2019-08-07,1998-09-18,555-55-8398,9868 NW 61st Street,Tempe,AZ,85281,602-555-5555
294280,Cathy,Minter,2019-08-07,1999-06-16,555-55-6898,11733 N Folded Hill Place,Paradise Valley,AZ,85253,602-555-5555
819008,Sam,Clebanoff,2019-08-14,1998-08-23,555-55-7275,10576 NE 60th Avenue,Scottsdale,AZ,85255,623-555-5555
966531,Simone,Dillman,2019-08-14,2002-04-22,555-55-2055,13290 S Cowtongue Drive,Phoenix,AZ,85035,602-555-5555
414106,Eleanor,Robineau,2019-08-15,2002-07-15,555-55-9099,12738 W Sleepy Kettle Road,Tempe,AZ,85281,623-555-5555
373367,Emily,Greenwood,2019-08-22,1997-11-02,555-55-3106,18173 E Porters Place,Phoenix,AZ,85002,623-555-5555
766337,Joni,Hoke,2019-08-22,1980-04-08,555-55-1302,17168 E Mellow Arrow Drive,Chandler,AZ,85248,623-555-5555
466398,Hayley,Duran,2019-08-27,1993-01-07,555-55-8451,5834 S Speckled Carriage Way,Phoenix,AZ,85042,480-555-5555
586108,Peggy,Breker,2019-09-04,1999-12-27,555-55-9112,5529 N 93rd Avenue,Gilbert,AZ,85233,480-555-5555
899281,Donald,Belshaw,2019-09-09,1996-05-09,555-55-9240,7390 SE Narrow Chestnut Street,Phoenix,AZ,85045,480-555-5555
578035,Mallard,Hampton,2019-09-11,1997-05-01,555-55-3617,5051 W Ochre Pebble Road,Phoenix,AZ,85047,623-555-5555
909390,Alissa,Acevedo,2019-09-16,1999-09-01,555-55-7893,18369 SW Middlebick Street,Mesa,AZ,85203,480-555-5555
163396,Kaleb,Jones,2019-09-18,2002-06-23,555-55-3841,6207 SE Leafy Tunnel Place,Glendale,AZ,85305,480-555-5555
822638,Ronda,Angora,2019-09-24,1989-08-01,555-55-2747,4165 W Bitter Divorce Avenue,Scottsdale,AZ,85256,602-555-5555
129557,Colby,O'Donnell,2019-10-17,2002-09-27,555-55-9275,13566 NW Fixed Wire Street,Mesa,AZ,85203,480-555-5555
414589,Erin,Cho,2019-10-22,1999-06-14,555-55-5030,15535 SW Staffmoore Court,Phoenix,AZ,85048,480-555-5555
857353,Zach,Coda,2019-10-29,2000-05-19,555-55-8639,15606 NW Trusted Oak Avenue,Gilbert,AZ,85296,480-555-5555
765946,Roger,Sweeney,2019-10-31,1998-04-04,555-55-7486,13029 NE Swinging Devil Court,Glendale,AZ,85304,602-555-5555
193402,Chris,Namath,2019-11-08,1990-02-23,555-55-9465,5049 NE 40th Street,Phoenix,AZ,85020,480-555-5555
821663,Christy,Krause,2019-11-13,1993-05-03,555-55-5575,6994 SE Blemished Chuckwalla Court,Phoenix,AZ,85011,602-555-5555
755209,Mort,Dickers,2019-12-17,2001-04-29,555-55-4151,10154 NW 66th Avenue,Phoenix,AZ,85004,602-555-5555
850184,Florentina,Shanks,2019-12-22,2001-07-25,555-55-3455,4377 SE 91st Street,Tempe,AZ,85284,623-555-5555
590362,Scott,Flitton,2019-12-24,1999-05-09,555-55-3823,16065 SE Breadwinner Road,Phoenix,AZ,85015,602-555-5555
211039,Armando,Martin,2020-01-03,2001-11-25,555-55-4845,8461 S Hollow Bowl Boulevard,Phoenix,AZ,85009,602-555-5555
612619,Michele,Anka,2020-01-07,2000-07-02,555-55-7297,16530 S 47th Street,Glendale,AZ,85306,602-555-5555
408551,Linda,Shurtleff,2020-01-08,1985-10-05,555-55-5911,1945 NW 64th Avenue,Sun Lakes,AZ,85248,480-555-5555
608826,Sampson,Correia,2020-01-13,2001-03-02,555-55-6712,18878 NW 13th Avenue,Tolleson,AZ,85353,602-555-5555
957845,Dennis,Garza,2020-01-15,2000-06-30,555-55-9296,9549 SW Dew Fields Way,Phoenix,AZ,85018,602-555-5555
431862,Melinda,McCusker,2020-01-15,1977-07-05,555-55-2545,10377 SW Tepid Station Drive,Tempe,AZ,85281,623-555-5555
571456,Mimi,Schwartz,2020-01-15,1990-07-19,555-55-8851,7655 NE Lazy Cloud Avenue,Phoenix,AZ,85021,623-555-5555
651013,Kenny,Stokes,2020-01-20,1997-12-07,555-55-7946,16063 NE Egg Stealer Court,Phoenix,AZ,85032,480-555-5555
574588,Tristian,Aggrey,2020-01-31,1999-08-16,555-55-3787,4900 NW Rocky Monsoon Place,Glendale,AZ,85304,602-555-5555
287480,Deena,Bonnem,2020-02-10,1999-06-05,555-55-2547,10550 E 63rd Street,Mesa,AZ,85212,480-555-5555
683962,Jenny,Fisk,2020-02-10,1997-04-15,555-55-7923,19341 N 95th Street,Tempe,AZ,85283,602-555-5555
647907,Carol,Rickert,2020-02-12,2003-02-14,555-55-5242,2313 SW Crying Moon Drive,Chandler,AZ,85246,480-555-5555
978229,Aubrey,Peloquin,2020-02-18,1998-05-14,555-55-1692,14980 SW 4th Avenue,Glendale,AZ,85303,623-555-5555
595727,Kenny,Pryor,2020-02-25,2000-10-03,555-55-6384,16737 W 66th Avenue,Phoenix,AZ,85022,480-555-5555
376827,Amy,Rosegarden,2020-02-26,1999-07-17,555-55-2611,9769 S 77th Street,Gilbert,AZ,85298,623-555-5555
268334,Curt,Richardson,2020-03-11,1990-01-20,555-55-6404,15290 NW Highcrest Court,Gilbert,AZ,85233,480-555-5555
471971,Rosemary,McGarva,2020-03-20,2000-10-24,555-55-4792,16692 SE 63rd Street,Chandler,AZ,85226,480-555-5555
836002,Margot,Genne,2020-03-25,1999-02-19,555-55-4917,13624 SE Treasure Vein Drive,Scottsdale,AZ,85251,480-555-5555
200257,Pamela,Agoes,2020-03-26,2003-01-06,555-55-3129,4041 N Secret Gate Drive,Tempe,AZ,85281,602-555-5555
931464,Tim,Shultz,2020-03-27,1999-07-12,555-55-5445,3817 W Round Nest Lane,Paradise Valley,AZ,85253,480-555-5555
807345,Tyler,Charlton,2020-04-01,1993-12-06,555-55-3747,17149 N Blinding Drain Boulevard,Gilbert,AZ,85233,480-555-5555
932353,Michael,Warner,2020-04-10,1990-11-28,555-55-4225,1091 SW Orange Grove Way,Phoenix,AZ,85033,623-555-5555
476663,Brent,Saini,2020-04-15,1999-05-11,555-55-7391,13795 W Silent Storm Circle,Tempe,AZ,85281,623-555-5555
422706,Arnie,Colbert,2020-04-20,2000-12-08,555-55-3333,13650 NW Strong Sultan Boulevard,Gilbert,AZ,85295,480-555-5555
143942,Ruth,Webber,2020-04-21,1999-04-06,555-55-5815,9551 W Humming Bird Circle,Gilbert,AZ,85296,480-555-5555
126499,Dody,Greenleigh,2020-04-27,2001-02-20,555-55-4673,17098 S Gritty Path Drive,Phoenix,AZ,85024,623-555-5555
136970,Ashley,Krieger,2020-04-30,1999-12-13,555-55-6179,7654 SW 59th Avenue,Glendale,AZ,85301,602-555-5555
316583,Cora,Howard,2020-05-05,1999-01-18,555-55-2306,1524 E Shipyard Place,Phoenix,AZ,85053,602-555-5555
852633,Amand,Endoso,2020-05-11,1997-05-20,555-55-8811,12179 NW 98th Avenue,Tolleson,AZ,85353,623-555-5555
315931,Melody,Cruse,2020-05-19,2003-01-01,555-55-4867,6162 E 95th Avenue,Mesa,AZ,85202,480-555-5555
660891,Philo,Franklin,2020-05-20,2004-06-30,555-55-5857,3847 SE Yellowjacket Road,Scottsdale,AZ,85250,602-555-5555
719625,Albert,Gardner,2020-05-21,1998-09-19,555-55-3296,1057 SE 53rd Street,Mesa,AZ,85204,623-555-5555
958485,Henry,Corriere,2020-06-03,2001-08-03,555-55-9697,15545 NE Footfall Court,Mesa,AZ,85203,602-555-5555
544498,Gina,Ferrell,2020-06-04,1998-06-22,555-55-1620,17799 NE Quarterby Place,Scottsdale,AZ,85260,623-555-5555
892106,David,Staples,2020-06-22,1998-03-11,555-55-5540,7660 NE Rolling Melon Circle,Mesa,AZ,85203,602-555-5555
213591,Michelle,Regan,2020-06-23,1997-04-09,555-55-9261,1819 SE Full Quilt Way,Scottsdale,AZ,85254,623-555-5555
107710,Victor,McCarney,2020-06-25,1986-06-05,555-55-4462,11026 W 37th Avenue,Gilbert,AZ,85296,602-555-5555
806881,Tommy,Jensen,2020-06-29,1999-12-15,555-55-7187,16682 SE Bloody Den Court,Sun Lakes,AZ,85248,480-555-5555
725384,Eric,Karaula,2020-07-01,1998-09-07,555-55-2801,18248 NE 80th Street,Chandler,AZ,85249,623-555-5555
679455,Charles,Thompson,2020-07-03,1997-01-12,555-55-9093,16881 SW Tallman Road,Phoenix,AZ,85051,602-555-5555
576878,Emil,Hamilton,2020-07-08,2001-11-05,555-55-6467,3298 E Sandy Hog Lane,Phoenix,AZ,85017,602-555-5555
672310,Robert,Shapiro,2020-07-10,2001-06-13,555-55-3704,19983 E Wilted Creek Boulevard,Paradise Valley,AZ,85253,623-555-5555
821874,Julian,Kirila,2020-07-13,1983-03-08,555-55-8856,3686 NW 38th Street,Tempe,AZ,85282,623-555-5555
227779,Lauren,Dagata,2020-07-15,2000-09-05,555-55-8128,1590 NE Winebarrel Road,Phoenix,AZ,85048,480-555-5555
752728,Jesse,Zaslow,2020-07-20,2001-07-20,555-55-8466,10309 NW 47th Street,Chandler,AZ,85248,602-555-5555
719094,Michael,Minor,2020-07-27,2001-03-27,555-55-1604,3606 W Coiled Reed Avenue,Phoenix,AZ,85008,480-555-5555
836050,Mark,Weeks,2020-08-03,2002-03-30,555-55-7433,10602 NE Shooting Lover Avenue,Sun Lakes,AZ,85248,602-555-5555
827785,James,Streak,2020-08-10,2000-03-08,555-55-7820,5292 SW Avalonia Way,Gilbert,AZ,85234,480-555-5555
159105,Jibralta,Gillman,2020-08-13,1994-03-23,555-55-5298,16244 SE Bruised Ego Drive,Tempe,AZ,85281,480-555-5555
916495,Zachery,Tombull,2020-08-17,1996-11-01,555-55-7011,10304 E Derry Street,Paradise Valley,AZ,85253,602-555-5555
897519,Sean,Aldini,2020-08-19,1994-06-11,555-55-3907,9909 NE 96th Street,Phoenix,AZ,85051,623-555-5555
235425,Jason,Randall,2020-08-21,1978-02-26,555-55-2794,18396 NE Grizzled Bear Boulevard,Phoenix,AZ,85050,480-555-5555
865974,Jacqui,Dukale,2020-08-28,2000-01-26,555-55-1787,11796 SW 87th Avenue,Glendale,AZ,85303,602-555-5555
771412,Barbara,McNab,2020-09-01,2000-01-19,555-55-8630,3987 SW Violet Stem Lane,Peoria,AZ,85380,480-555-5555
204322,Michelle,Kliger,2020-09-15,1998-12-14,555-55-4855,18291 SE Simmering Wood Circle,Gilbert,AZ,85297,602-555-5555
300602,Clive,Bueller,2020-09-16,2000-04-29,555-55-7025,13520 W Avalonia Court,Peoria,AZ,85382,602-555-5555
374574,Edward,Robotham,2020-09-18,1999-03-23,555-55-9953,19686 SE Roaming Dog Road,Gilbert,AZ,85234,480-555-5555
587708,Reece,Coonan,2020-09-21,2003-06-27,555-55-3312,13658 NW Lemon Harp Avenue,Tempe,AZ,85281,623-555-5555
324034,Zachary,Mendoza,2020-09-22,1988-03-27,555-55-8826,3000 S Round House Avenue,Scottsdale,AZ,85253,623-555-5555
190994,Ronnie,Smith,2020-09-22,1985-10-03,555-55-9678,12586 NW Pointed Phantom Lane,Sun Lakes,AZ,85248,623-555-5555
578587,William,Zhitenev,2020-09-26,2001-06-05,555-55-6281,14019 SW Trail Mix Court,Gilbert,AZ,85297,623-555-5555
897968,Alexander,Kamran,2020-10-03,2001-04-07,555-55-2450,8061 N Desperate Mother Boulevard,Phoenix,AZ,85042,602-555-5555
660777,Danielle,Couch,2020-10-06,2001-12-27,555-55-3236,10651 S 37th Avenue,Scottsdale,AZ,85254,602-555-5555
730783,Nicholas,Parvin,2020-10-07,1998-10-16,555-55-5905,8643 NW Stacked Brick Street,Phoenix,AZ,85032,480-555-5555
223046,Richard,Hu,2020-10-08,2002-02-14,555-55-6301,1618 N Trusted Oak Circle,Paradise Valley,AZ,85253,623-555-5555
294232,Sidney,Remsen,2020-10-19,2001-01-26,555-55-3961,4634 SW 83rd Street,Peoria,AZ,85382,623-555-5555
285106,Sonny,Sinclair,2020-10-19,2000-01-14,555-55-5898,7512 W Tigerlily Drive,Peoria,AZ,85381,602-555-5555
251412,Becka,Lane,2020-10-21,1999-05-07,555-55-8476,13813 SW Light Canyon Way,Scottsdale,AZ,85253,602-555-5555
757013,Arnold,Doyle,2020-10-23,1983-10-03,555-55-6964,7577 E Soupy Hills Avenue,Peoria,AZ,85381,480-555-5555
179613,Denney,Connor,2020-10-28,1990-12-23,555-55-4937,14520 NW Roaming Dog Way,Tempe,AZ,85283,480-555-5555
441043,Jerry,Smartt,2020-10-28,1997-01-19,555-55-8384,6617 SW Goldwater Place,Scottsdale,AZ,85251,623-555-5555
616844,Laurence,Wyatt,2020-10-28,1992-10-23,555-55-9485,7436 SW Knotted Cart Place,Phoenix,AZ,85028,602-555-5555
591485,Alice,Steffan,2020-11-11,2000-04-17,555-55-4027,15062 SE Porters Street,Glendale,AZ,85303,480-555-5555
381807,Tori,Austerberry,2020-11-17,1993-07-02,555-55-1049,18336 S Moonlit Jackrabbit Avenue,Mesa,AZ,85205,480-555-5555
184912,Darrin,Hale,2020-11-17,1987-12-17,555-55-8954,9724 SW Nimble Cliff Street,Sun Lakes,AZ,85248,602-555-5555
308655,Jaro,Sweet,2020-11-24,1973-12-09,555-55-2975,16086 N 81st Avenue,Phoenix,AZ,85020,623-555-5555
188497,Jason,Marconi,2020-11-30,1997-12-17,555-55-8356,2731 S Old Kraken Boulevard,Phoenix,AZ,85039,602-555-5555
493533,Mark,Yannick,2020-12-02,2000-05-05,555-55-9830,2062 S Orange Grove Way,Gilbert,AZ,85299,480-555-5555
933498,Emma,Dugan,2020-12-03,1991-02-06,555-55-1373,13346 W Empty Promise Boulevard,Phoenix,AZ,85022,602-555-5555
504929,Owen,Nestler,2020-12-03,1999-01-09,555-55-8676,2410 W Middlebick Drive,Gilbert,AZ,85234,480-555-5555
991036,James,King,2020-12-08,1999-07-25,555-55-4701,6559 N Soured Heart Avenue,Mesa,AZ,85206,480-555-5555
554069,Alex,Elder,2020-12-08,2001-03-03,555-55-3558,6250 NE Creeping Eye Court,Glendale,AZ,85301,602-555-5555
886793,Bonnie,Trimmer,2020-12-09,1970-09-22,555-55-9429,3098 NE Sinister Trail Way,Scottsdale,AZ,85254,602-555-5555
931526,Justin,Moran,2020-12-11,1997-01-15,555-55-3864,17608 N Lost Wood Road,Mesa,AZ,85206,623-555-5555
589127,Alan,Vallee,2020-12-11,1998-05-01,555-55-9451,12571 W Cowtongue Court,Mesa,AZ,85211,480-555-5555
976796,Clarence,Marsh,2020-12-14,1998-03-18,555-55-1000,12832 S High Horn Lane,Phoenix,AZ,85053,602-555-5555
605163,Lisa,Friedberg,2020-12-16,2000-08-03,555-55-6120,14935 SW Stacked Twig Lane,Glendale,AZ,85301,623-555-5555
896217,Joseph,Shields,2020-12-17,1997-08-25,555-55-3153,7863 SW 62nd Street,Mesa,AZ,85213,602-555-5555
403454,John,De Clario,2020-12-24,1981-04-19,555-55-1989,13416 S 64th Avenue,Sun Lakes,AZ,85248,602-555-5555
146962,Vanessa,Kenworthy,2020-12-29,1999-05-28,555-55-2053,14689 W Sandy Peak Street,Sun Lakes,AZ,85248,623-555-5555
998682,Norman,Weaver,2020-12-31,2002-01-11,555-55-9380,8076 E Cotton Mission Lane,Phoenix,AZ,85006,480-555-5555
653391,Tina,Schwendler,2021-01-01,1997-08-04,555-55-5501,9715 N Striped Cat Drive,Phoenix,AZ,85038,602-555-5555
629333,Barbara,Klinkhamer,2021-01-05,1984-05-12,555-55-7250,17640 NW Swinging Head Boulevard,Scottsdale,AZ,85257,480-555-5555
731745,Toni,Wright,2021-01-07,1984-03-06,555-55-8068,4828 E Creased Apple Drive,Chandler,AZ,85225,602-555-5555
628548,Monique,Aikins,2021-01-08,1995-08-18,555-55-7101,16810 W 97th Avenue,Gilbert,AZ,85233,623-555-5555
190751,Willard,Creed,2021-01-08,1999-11-22,555-55-9869,14064 W 70th Street,Phoenix,AZ,85021,480-555-5555
372106,Donald,Koolik,2021-01-11,1999-07-01,555-55-5054,15133 NW Camp Bellow Place,Gilbert,AZ,85234,602-555-5555
498188,Victor,Grant,2021-01-22,1999-09-19,555-55-8771,6990 SE 57th Street,Phoenix,AZ,85042,480-555-5555
964378,Sara,Lockhart-Adams,2021-01-22,1999-08-30,555-55-4385,5090 NE Emerson Lane,Phoenix,AZ,85021,480-555-5555
483024,Brandon,Leeman,2021-01-26,2001-09-17,555-55-4417,12983 S Grim Riverbed Lane,Tempe,AZ,85282,602-555-5555
262904,Tammy,Rotella,2021-01-26,2004-10-03,555-55-3592,8053 W 29th Street,Phoenix,AZ,85052,480-555-5555
613647,Carrie,Thornton,2021-01-28,1999-05-13,555-55-2720,15863 W 39th Avenue,Glendale,AZ,85303,602-555-5555
975767,Jay,Durbin,2021-01-29,1995-02-28,555-55-2506,3250 NE Smiling Fish Road,Scottsdale,AZ,85251,480-555-5555
790771,Dale,Athens,2021-02-05,2003-01-28,555-55-5016,4940 NW 46th Avenue,Phoenix,AZ,85015,602-555-5555
322584,Ephraim,Gerst,2021-02-05,2002-09-23,555-55-8135,13247 NE Lilac Moon Circle,Mesa,AZ,85205,480-555-5555
826402,Derek,Tapert,2021-02-15,1998-07-10,555-55-4602,11041 SW Mosshill Avenue,Glendale,AZ,85301,480-555-5555
502503,Mira,Kerth,2021-02-19,2000-04-06,555-55-9412,4312 W Stale Bread Lane,Paradise Valley,AZ,85253,602-555-5555
775556,Valerie,Sigismonti,2021-02-24,1998-03-17,555-55-2819,18036 S 42nd Street,Mesa,AZ,85204,480-555-5555
182108,Van,Henshaw,2021-02-26,1994-05-14,555-55-2456,13823 SE Cowtongue Boulevard,Tolleson,AZ,85353,480-555-5555
570737,Davina,Mace,2021-03-01,1991-03-31,555-55-7509,11171 SW 71st Street,Tempe,AZ,85282,602-555-5555
784937,Jennifer,O'Grady,2021-03-05,2002-02-11,555-55-9360,17952 N Polished Drain Court,Tolleson,AZ,85353,623-555-5555
415071,Vanya,Indergand,2021-03-09,1984-04-17,555-55-5943,7005 SW 58th Avenue,Scottsdale,AZ,85252,602-555-5555
833579,Damien,Anderson,2021-03-17,1992-05-21,555-55-2041,3768 SW Slowfalls Place,Gilbert,AZ,85234,602-555-5555
457969,Beatriz,Salazar Vargas,2021-03-17,1996-05-26,555-55-1315,17892 N Shabby Ditch Boulevard,Phoenix,AZ,85023,602-555-5555
922839,Washington,Tranor,2021-03-17,1985-08-09,555-55-6927,2460 SW Smiling Blossom Circle,Phoenix,AZ,85003,623-555-5555
177395,Diane,Robins,2021-03-21,2002-10-21,555-55-2694,16165 NW Quivering Vale Court,Phoenix,AZ,85012,480-555-5555
973171,Elliott,Wetmore,2021-04-02,2001-03-03,555-55-8189,11552 NW 49th Street,Glendale,AZ,85305,623-555-5555
839571,Paul,Spurlock,2021-04-05,2002-06-19,555-55-1085,18898 NW 53rd Street,Gilbert,AZ,85233,480-555-5555
810770,Len,Speltz,2021-04-19,1976-09-01,555-55-9082,18757 E Slackjaw Way,Paradise Valley,AZ,85253,602-555-5555
496792,Del,McCarthy,2021-04-21,2000-08-24,555-55-8897,10365 NE 50th Avenue,Glendale,AZ,85301,602-555-5555
270177,Peter,Rubano,2021-04-22,2006-10-12,555-55-5655,12144 NE Tree Root Street,Paradise Valley,AZ,85253,623-555-5555
292049,Roberto,Sanchez,2021-04-22,1971-12-22,555-55-7161,6977 SW 95th Street,Chandler,AZ,85248,602-555-5555
921517,Matt,Allan,2021-04-27,1997-01-29,555-55-6045,2122 W Ambrosia Street,Paradise Valley,AZ,85253,623-555-5555
502007,Albert,Turner,2021-04-28,2003-06-17,555-55-4821,6328 SE 89th Avenue,Phoenix,AZ,85048,623-555-5555
238059,Janice,Rieder,2021-05-03,2002-02-06,555-55-7338,4604 SW 93rd Avenue,Tempe,AZ,85281,480-555-5555
603719,Caridad,Rattrey,2021-05-10,1999-11-12,555-55-1548,13333 W Wilting Stem Place,Phoenix,AZ,85023,480-555-5555
352232,Cameron,Kestenbaum,2021-05-25,2001-05-28,555-55-1339,3775 SE 17th Avenue,Peoria,AZ,85383,623-555-5555
934495,Joana,Layman,2021-05-26,1997-10-31,555-55-4463,7186 SW Lit Cavern Boulevard,Sun Lakes,AZ,85248,480-555-5555
274474,Cassandra,Murray,2021-05-28,2001-12-26,555-55-9061,8675 E Muscled Mule Boulevard,Tolleson,AZ,85353,623-555-5555
775972,Myra,Kotha,2021-05-31,2000-08-18,555-55-3047,19359 N High Hopes Place,Chandler,AZ,85248,602-555-5555
715205,Cristina,Maebe,2021-06-01,2002-08-12,555-55-4393,3185 NW Idle Nest Court,Peoria,AZ,85381,480-555-5555
595463,David,Webber,2021-06-01,1991-01-05,555-55-5014,6828 NW 35th Avenue,Phoenix,AZ,85021,623-555-5555
412098,Britannia,Salarano,2021-06-07,1998-12-12,555-55-6348,16263 NE Highmind Boulevard,Chandler,AZ,85249,602-555-5555
762483,Rhonda,Evans,2021-06-09,1997-04-28,555-55-1696,5456 SW Silver Slice Avenue,Scottsdale,AZ,85254,623-555-5555
820067,Roy,Lojewski,2021-06-10,2003-08-02,555-55-4458,2705 W Longbow Place,Mesa,AZ,85204,623-555-5555
779114,Todd,Longino,2021-06-15,2002-03-11,555-55-9142,5867 NE 76th Avenue,Gilbert,AZ,85234,623-555-5555
145073,Liz,Marshall,2021-06-15,1980-11-26,555-55-1434,10249 NE 34th Street,Gilbert,AZ,85297,602-555-5555
486990,Barbara,Kibzey,2021-06-16,2003-09-25,555-55-6084,7887 E Whittled Horse Way,Henderson,NV,89074,725-555-5555
623736,Glen,Patrick,2021-06-22,2000-04-28,555-55-9469,5224 SE 47th Street,Phoenix,AZ,85046,602-555-5555
577882,Tray,Lambarth,2021-06-28,1997-01-13,555-55-1966,18242 W Smiling Fish Circle,Sun Lakes,AZ,85248,602-555-5555
386475,Dasha,Harvey,2021-07-01,2001-03-30,555-55-3540,13503 E 56th Street,Tempe,AZ,85281,602-555-5555
523501,Timothy,Schmitz,2021-07-05,2000-09-30,555-55-1148,11016 N Artichoke Way,Gilbert,AZ,85234,602-555-5555
293580,Bill,Egilsson,2021-07-26,1995-12-28,555-55-7437,13825 W Golden Arrow Way,Gilbert,AZ,85297,480-555-5555
514328,Jonathan,Arkoff,2021-07-29,1998-12-20,555-55-5836,5344 S Syrup Tree Circle,Scottsdale,AZ,85259,623-555-5555
471965,Robert,Shank,2021-07-30,1980-12-27,555-55-7210,15152 SE Twisted Station Circle,Tolleson,AZ,85353,623-555-5555
764137,Dean,Sadoff,2021-08-09,1985-01-05,555-55-6621,16848 NW Violet Stone Street,Mesa,AZ,85203,480-555-5555
384359,Jack,Ellis,2021-08-15,2003-02-09,555-55-3379,17817 E 37th Street,Mesa,AZ,85203,623-555-5555
926463,Peter,Garman,2021-08-20,1999-04-05,555-55-8943,3225 E Bold Mesa Road,Glendale,AZ,85303,480-555-5555
183630,Bryan,Jones,2021-08-24,2000-01-09,555-55-1961,13295 N Carved Cuckoo Way,Mesa,AZ,85202,623-555-5555
749698,Daniel,Easton,2021-09-08,1997-09-13,555-55-5610,15948 NW 67th Street,Phoenix,AZ,85035,480-555-5555
878503,Gregory,Koons,2021-09-14,1991-08-10,555-55-2384,5534 SE 27th Avenue,Scottsdale,AZ,85253,623-555-5555
158789,Chauncey,Welsch,2021-09-29,1977-03-04,555-55-1967,14390 E 41st Street,Mesa,AZ,85216,480-555-5555
524887,Rhia,Johnston,2021-10-01,1989-11-22,555-55-2382,4798 NW 56th Street,Phoenix,AZ,85045,480-555-5555
913279,Patricia,Watson,2021-10-04,1997-03-12,555-55-8207,15505 N Bending Head Place,Sun Lakes,AZ,85248,623-555-5555
697966,Ross,Yohnka,2021-10-04,1998-04-20,555-55-5949,13021 N Winnow Hop Court,Glendale,AZ,85302,602-555-5555
439613,Darrell,Leung,2021-10-13,1999-05-23,555-55-8952,2920 W Clear Day Street,Phoenix,AZ,85008,602-555-5555
440242,Merri,Connors,2021-10-19,1998-05-26,555-55-1518,10489 SE Inkwell Court,Chandler,AZ,85249,602-555-5555
542920,Ted,Halil,2021-10-19,1997-01-11,555-55-9018,2301 NE Cicada Shell Lane,Phoenix,AZ,85020,623-555-5555
870092,Andrew,Mason,2021-10-20,2003-02-01,555-55-9941,13808 W Broken Finch Boulevard,Mesa,AZ,85203,623-555-5555
882837,Ginger,Swansea,2021-10-20,1986-10-05,555-55-5260,16284 NE Split Antler Road,Phoenix,AZ,85001,602-555-5555
846272,Lorna,Durushia,2021-11-05,1997-05-11,555-55-6750,2758 N Velvet Jump Street,Glendale,AZ,85301,480-555-5555
743466,Reggie,Chartier,2021-12-06,2001-02-16,555-55-8996,12030 SW 38th Street,Paradise Valley,AZ,85253,602-555-5555
846332,Mandy,Belnick,2021-12-07,2000-06-23,555-55-3237,16482 NE Pale Leak Court,Scottsdale,AZ,85256,602-555-5555
333352,Berkan,Shub,2021-12-09,1999-03-13,555-55-1450,15146 NE Sacred Pit Avenue,Gilbert,AZ,85298,602-555-5555
779672,Carl,Kahane,2021-12-17,1982-08-08,555-55-7661,19748 S 62nd Avenue,Phoenix,AZ,85020,623-555-5555
202482,Taylor,Palmer,2022-01-03,1999-11-10,555-55-4301,2428 NW Horned Fletchers Court,Chandler,AZ,85226,602-555-5555
845075,Carl,Ewing,2022-01-10,2003-05-14,555-55-6139,8415 SE 53rd Street,Mesa,AZ,85202,623-555-5555
469847,Tobey,Yeatman,2022-01-18,1986-08-20,555-55-4923,9855 NW 36th Avenue,Glendale,AZ,85302,480-555-5555
303022,April,O'Kane,2022-01-25,1988-09-01,555-55-5175,4943 NE Silent Mesa Avenue,Gilbert,AZ,85297,480-555-5555
744616,Milton,Rivero,2022-01-25,2004-10-07,555-55-5665,11324 SW Salted Desert Lane,Glendale,AZ,85301,602-555-5555
257595,Roger,Stanislaus,2022-01-25,1998-03-27,555-55-7501,1235 S Humble Canyon Drive,Phoenix,AZ,85008,602-555-5555
911833,Maurice,Laudermich,2022-02-09,1982-01-02,555-55-2058,13538 E 67th Avenue,Phoenix,AZ,85021,602-555-5555
183958,Ray,Marsh,2022-02-14,2002-08-24,555-55-8827,16217 W Lazy Cloud Circle,Paradise Valley,AZ,85253,480-555-5555
942384,Haim,Michaels,2022-02-21,1998-03-30,555-55-9589,4573 E Crimped Nest Place,Phoenix,AZ,85045,602-555-5555
645030,James,Brechin,2022-02-24,2001-07-12,555-55-7678,7968 E Small Coal Mine Circle,Phoenix,AZ,85019,480-555-5555
432472,Karlee,Seybert,2022-02-24,1999-09-02,555-55-9028,8549 NW 9th Avenue,Phoenix,AZ,85022,602-555-5555
452808,Herbert,Easter,2022-02-25,2002-05-19,555-55-5212,3689 SW Roaming Dog Lane,Paradise Valley,AZ,85253,623-555-5555
895885,Gareth,Riddles,2022-02-28,1999-12-22,555-55-9479,11789 W Templeton Circle,Sun Lakes,AZ,85248,623-555-5555
840831,Louise,Kolman,2022-03-03,2005-01-23,555-55-5641,7675 NE 88th Avenue,Phoenix,AZ,85022,480-555-5555
115534,Jonas,Debolt,2022-03-14,2002-04-24,555-55-7344,6809 N 99th Street,Tempe,AZ,85282,480-555-5555
548348,Ron,Creamer,2022-03-15,1998-12-04,555-55-1099,9272 NE Clever Conquistador Boulevard,Phoenix,AZ,85022,623-555-5555
379934,Tom,Haller,2022-03-15,1996-10-04,555-55-9362,3214 S Orange Bird Way,Mesa,AZ,85210,602-555-5555
750881,Nick,Dodd,2022-03-18,2001-07-17,555-55-1150,15945 W 61st Street,Phoenix,AZ,85020,602-555-5555
706283,Jack,Wood,2022-03-28,2005-11-30,555-55-1830,1237 S Deerhead Lane,Peoria,AZ,85382,623-555-5555
649778,Carter,Minister,2022-04-04,1988-08-18,555-55-3295,17260 NE 1st Avenue,Phoenix,AZ,85031,623-555-5555
864503,Irma,West,2022-04-05,2002-03-18,555-55-2556,19965 W Painted Cricket Boulevard,Peoria,AZ,85381,602-555-5555
333038,Alfred,Swarthe,2022-04-08,1990-08-27,555-55-8837,8446 N Slow Crater Street,Mesa,AZ,85201,602-555-5555
226707,Michael,Steiner,2022-04-19,1999-10-27,555-55-1650,19604 NW Slender Blossom Court,Phoenix,AZ,85042,602-555-5555
397907,Helen,Gregorson,2022-04-21,2005-03-28,555-55-1046,12773 E Good Eye Avenue,Gilbert,AZ,85234,602-555-5555
676864,Lewis,Frager,2022-04-26,1998-03-24,555-55-6574,5599 E Porters Boulevard,Mesa,AZ,85214,602-555-5555
317491,Alfonso,Billitteri,2022-05-09,2002-11-03,555-55-2387,7184 N Endless Garden Boulevard,Tolleson,AZ,85353,602-555-5555
769284,Hank,Russell,2022-05-11,1989-08-24,555-55-9391,18950 E Sunken Bakers Street,Glendale,AZ,85302,480-555-5555
612582,Carol,Thatcher,2022-05-12,2002-05-09,555-55-4474,13355 W 77th Avenue,Sun Lakes,AZ,85248,602-555-5555
407861,Sally,Brown,2022-05-16,2000-08-31,555-55-7588,9954 NW Black Heart Street,Glendale,AZ,85305,623-555-5555
235060,Lewis,Kerns,2022-05-16,1993-12-31,555-55-5264,4575 S 10th Street,Phoenix,AZ,85021,602-555-5555
864729,Kristie,Lee,2022-05-17,2000-03-18,555-55-6274,11823 SW Stolen Daughter Road,Phoenix,AZ,85027,480-555-5555
268779,Petra,Yuricich,2022-05-17,2003-10-01,555-55-2132,4286 NW Grand Testament Avenue,Paradise Valley,AZ,85253,623-555-5555
707650,Anatol,Ashton,2022-05-19,1999-12-28,555-55-1671,4491 W Sinking Venture Lane,Peoria,AZ,85380,602-555-5555
409223,Emilio,Dufva,2022-05-23,2000-10-28,555-55-8619,18419 NE 78th Avenue,Glendale,AZ,85308,623-555-5555
781221,Charity,Michelson,2022-05-24,2005-07-12,555-55-4288,8882 NW Sweet Crow Lane,Paradise Valley,AZ,85253,480-555-5555
699618,Denise,Gillespie,2022-05-25,2004-10-31,555-55-1853,15936 NW 40th Street,Scottsdale,AZ,85252,480-555-5555
645298,Jameson,Squires,2022-06-07,1997-12-21,555-55-4203,4282 E 33rd Avenue,Peoria,AZ,85381,602-555-5555
642313,Gabriel,Austin,2022-06-09,1997-10-13,555-55-1009,4564 N 44th Street,Phoenix,AZ,85050,602-555-5555
612176,Philip,Lyons,2022-06-17,2002-05-13,555-55-5981,5317 SE Sunder Place,Phoenix,AZ,85024,602-555-5555
733397,Sebastian,Winitsky,2022-06-22,1992-09-08,555-55-6757,4023 N Full Lynx Way,Chandler,AZ,85248,602-555-5555
477814,Christopher,Butterworth,2022-06-28,2001-10-05,555-55-2162,5890 NE 13th Street,Glendale,AZ,85304,623-555-5555
358748,Rebecca,Mint,2022-07-01,2004-11-05,555-55-8742,16753 NW 67th Street,Peoria,AZ,85380,602-555-5555
409092,Alison,Armstrong,2022-07-06,1996-10-01,555-55-2339,14503 NW Brooding Harness Street,Phoenix,AZ,85021,623-555-5555
123600,Robyn,Dority,2022-07-13,2001-02-19,555-55-8083,5522 W Twisted Palm Road,Peoria,AZ,85383,623-555-5555
314039,Robert,Hoberman,2022-07-18,1996-05-06,555-55-5209,1462 S Cotton Palo Verde Circle,Paradise Valley,AZ,85253,480-555-5555
993112,Jim,Robles,2022-07-18,2005-06-07,555-55-8593,2677 SE 53rd Street,Mesa,AZ,85204,480-555-5555
661386,Susan,Sameck,2022-08-08,2000-08-30,555-55-4034,11966 E 30th Street,Paradise Valley,AZ,85253,480-555-5555
411883,Rose,Rubinstein,2022-08-10,2000-11-09,555-55-2586,9985 NW 62nd Street,Tolleson,AZ,85353,623-555-5555
112831,Mike,Bettcher,2022-08-15,2002-10-29,555-55-5534,4246 SE Silent Storm Lane,Gilbert,AZ,85297,480-555-5555
338169,Christine,Self,2022-08-16,1998-07-28,555-55-5993,7891 NE Quiet Horn Road,Chandler,AZ,85225,480-555-5555
912823,Catherine,Shtrum,2022-08-16,2002-01-07,555-55-1992,13302 W Wavy Dawn Way,Mesa,AZ,85211,602-555-5555
362787,Robin,Post,2022-08-17,2003-06-24,555-55-1530,5148 NW 72nd Street,Glendale,AZ,85305,623-555-5555
303068,Jonathan,Holland,2022-08-19,2005-07-03,555-55-2349,9529 S 99th Street,Mesa,AZ,85201,623-555-5555
336029,Ramona,Hurd,2022-08-25,2005-07-30,555-55-6453,17938 SE Sober Juniper Boulevard,Phoenix,AZ,85047,480-555-5555
682916,Tom,Newman,2022-08-25,1999-12-14,555-55-6782,1581 NW 98th Street,Sun Lakes,AZ,85248,480-555-5555
782751,Sheena,Cunningham,2022-09-13,1990-08-13,555-55-5240,9829 SW Bald House Lane,Phoenix,AZ,85029,602-555-5555
515903,Richard,Loper,2022-09-15,2005-03-04,555-55-2881,15405 SW 89th Avenue,Phoenix,AZ,85019,623-555-5555
970631,Elaine,Morton,2022-09-26,2002-02-18,555-55-5169,4849 NW Desperate Mother Court,Mesa,AZ,85216,480-555-5555
507434,Wayne,Alvins,2022-10-04,2002-08-03,555-55-5915,1661 N Victoria Boulevard,Mesa,AZ,85214,623-555-5555
393106,Madison,Freund,2022-10-07,2002-06-24,555-55-7195,14764 W Yellowjacket Boulevard,Glendale,AZ,85301,480-555-5555
219688,Sean,Fallon,2022-10-13,2003-09-18,555-55-6947,17561 N 28th Street,Tempe,AZ,85284,480-555-5555
904713,Lincoln,Lewis,2022-10-17,2003-03-31,555-55-7925,6644 SE 16th Street,Scottsdale,AZ,85251,623-555-5555
591956,Melissa,Harris,2022-10-18,2001-12-07,555-55-3192,1713 SW 87th Street,Gilbert,AZ,85295,602-555-5555
295992,Glenn,Duncan,2022-10-20,2001-05-08,555-55-9501,3156 SE Red Dust Road,Phoenix,AZ,85007,480-555-5555
775514,Moira,Polzel,2022-10-21,1998-09-30,555-55-2651,7201 S 4th Avenue,Scottsdale,AZ,85254,623-555-5555
516987,Stanley,Tichenor,2022-10-24,2002-03-23,555-55-9942,5451 NE Tired Cord Street,Scottsdale,AZ,85259,602-555-5555
739289,Bruce,Turner,2022-10-27,2001-04-24,555-55-9992,3491 E Bitten Arm Court,Phoenix,AZ,85021,602-555-5555
992815,Tom,Hoffman,2022-10-28,2004-05-15,555-55-3349,17136 N Elbow Weave Road,Tempe,AZ,85281,623-555-5555
608519,Tanner,Pittman,2022-10-28,1999-10-07,555-55-7125,15321 SW 38th Avenue,Chandler,AZ,85246,623-555-5555
519343,Elias,Brand,2022-11-16,1997-12-12,555-55-1781,1348 NW Sinister Trail Place,Mesa,AZ,85204,623-555-5555
477950,Russell,Soto,2022-11-16,1997-05-31,555-55-6608,8105 SW Crying Moon Court,Scottsdale,AZ,85258,480-555-5555
972093,Shannon,Mullane,2022-11-17,2004-07-09,555-55-5098,19271 SW Emerald Street,Tempe,AZ,85284,602-555-5555
887609,Frank,Bailey,2022-11-21,2002-07-01,555-55-3537,15894 SW Noble Roadrunner Court,Glendale,AZ,85303,480-555-5555
574361,Doug,Elliott,2022-11-25,2001-05-16,555-55-7605,18639 N Falling Steppe Street,Mesa,AZ,85203,623-555-5555
547703,Alec,Guest,2022-12-01,2001-07-30,555-55-2003,9880 W Old Kraken Street,Gilbert,AZ,85233,623-555-5555
436973,Sean,Miller,2022-12-08,1993-10-15,555-55-8169,3787 W Twisted Dagger Circle,Paradise Valley,AZ,85253,602-555-5555
475997,Trenton,Raimi,2022-12-13,2005-08-04,555-55-8846,12037 SW Nested Crow Place,Mesa,AZ,85205,602-555-5555
813561,Virginia,Lamont,2022-12-14,2001-05-25,555-55-5383,1886 NW Slackjaw Road,Tempe,AZ,85281,602-555-5555
261540,Jessica,Oliver,2022-12-20,2004-12-25,555-55-3726,18719 SW Solemn Cave Road,Paradise Valley,AZ,85253,602-555-5555
568452,Ben,Bannister,2022-12-22,2002-06-10,555-55-8945,8116 NW 90th Street,Phoenix,AZ,85050,602-555-5555
583529,Burke,Kim,2022-12-22,1998-11-12,555-55-9498,12713 NW Tabby Cat Court,Gilbert,AZ,85296,480-555-5555
661405,Chloe,Hooper,2022-12-23,2002-10-17,555-55-1304,19438 SE Humming Bird Boulevard,Phoenix,AZ,85036,602-555-5555
771959,Adam,Abramson,2022-12-28,1988-05-22,555-55-3150,6684 SW 46th Street,Glendale,AZ,85305,602-555-5555
149119,Susan,Pulford,2022-12-29,2003-11-01,555-55-9089,1305 NW Split Antler Road,Glendale,AZ,85304,623-555-5555
354635,Rosalyn,Ward,2023-01-09,2000-10-22,555-55-9588,19721 S Twisted Bento Street,Peoria,AZ,85380,623-555-5555
136506,Jeffrey,Rowback,2023-01-13,1998-09-09,555-55-1558,11817 E Porters Road,Phoenix,AZ,85024,602-555-5555
896449,Shannon,Waybright,2023-01-17,2003-04-27,555-55-8594,5539 S 10th Street,Gilbert,AZ,85233,602-555-5555
309986,Caleb,Holenia,2023-01-18,1996-08-29,555-55-2238,13696 W Silent Storm Drive,Tempe,AZ,85281,480-555-5555
102452,Dale,Roberts,2023-01-25,2002-03-13,555-55-7455,16274 E 89th Avenue,Mesa,AZ,85201,623-555-5555
567306,Scott,Bauer,2023-01-30,2006-06-02,555-55-1860,8521 N Slackjaw Avenue,Mesa,AZ,85209,602-555-5555
356455,Kosi,Kaproff,2023-01-31,2005-06-17,555-55-3332,16849 NW 49th Avenue,Phoenix,AZ,85035,480-555-5555
733115,Todd,MacLaine,2023-02-01,1988-12-20,555-55-6051,2585 SE Leafy Tunnel Circle,Phoenix,AZ,85052,602-555-5555
796277,Henry,Secorsky,2023-02-02,2003-04-23,555-55-3495,13118 N Smokey Citrus Road,Glendale,AZ,85301,602-555-5555
433492,Adrianna,McLain,2023-02-06,2002-02-27,555-55-6359,18140 S Fearless Camp Court,Mesa,AZ,85204,623-555-5555
909284,Jo,Bevis,2023-02-07,2005-07-04,555-55-8604,10626 SE Rosy Hand Place,Phoenix,AZ,85048,602-555-5555
842008,Shawn,Gilthorpe,2023-02-13,2000-02-12,555-55-6412,19099 E Pennderby Drive,Tempe,AZ,85282,602-555-5555
439940,Jordan,Chapman,2023-02-22,2004-12-05,555-55-6134,17571 E Coronado Court,Gilbert,AZ,85297,602-555-5555
753088,Malcolm,McCaughey,2023-02-22,1999-09-15,555-55-8044,14829 SW 82nd Street,Tolleson,AZ,85353,623-555-5555
622186,Geoffrey,Cutforth,2023-02-24,1996-01-04,555-55-6566,7057 S 73rd Avenue,Tolleson,AZ,85353,602-555-5555
609116,Samuel,Ihle,2023-03-03,2001-02-24,555-55-9378,16698 S Crimped Hide Way,Gilbert,AZ,85234,480-555-5555
907479,Vincent,Slatkin,2023-03-03,1997-09-19,555-55-5923,8682 S 47th Avenue,Gilbert,AZ,85295,602-555-5555
118327,Eugene,Atkinson,2023-03-06,2006-10-27,555-55-4373,2922 SW Tallman Place,Tempe,AZ,85282,602-555-5555
423062,James,Askwith,2023-03-09,1997-08-14,555-55-7257,16045 E Clear Gully Avenue,Scottsdale,AZ,85254,480-555-5555
579404,Keith,Batista,2023-03-13,1995-01-20,555-55-5961,3638 SW Ochre Reed Road,Tempe,AZ,85282,480-555-5555
503014,Heather,Majewski,2023-03-13,1998-05-15,555-55-2852,19888 NE Deutschman Road,Mesa,AZ,85216,623-555-5555
107043,Lauren,Hewitt,2023-03-14,1999-06-01,555-55-4527,1932 SE Mosshill Road,Tempe,AZ,85283,602-555-5555
382882,Frank,Lakatos,2023-03-27,2004-01-06,555-55-2309,17458 E Etched Needle Street,Gilbert,AZ,85299,480-555-5555
954486,Vicki,Saks,2023-03-28,2005-12-02,555-55-7620,3919 E 37th Avenue,Glendale,AZ,85308,602-555-5555
582870,Richard,Starkey,2023-03-30,2003-10-09,555-55-1801,10432 NW 13th Avenue,Phoenix,AZ,85022,623-555-5555
696686,David,Palmisano,2023-04-03,2002-07-21,555-55-5807,12512 W Red Dust Court,Peoria,AZ,85383,623-555-5555
232194,Justin,Hakim,2023-04-10,2004-03-05,555-55-6427,16753 W Grey Lean Avenue,Mesa,AZ,85202,602-555-5555
282015,Cynthia,Rhodes,2023-04-12,2004-06-24,555-55-1665,15619 SW 7th Street,Scottsdale,AZ,85251,623-555-5555
516796,Mary-Arline,Worte,2023-04-18,2006-09-26,555-55-5306,8133 N Golden Arrow Road,Mesa,AZ,85212,602-555-5555
665535,Juan,Geter,2023-04-20,2005-08-12,555-55-1171,10891 NE Wheeling Cord Drive,Mesa,AZ,85208,602-555-5555
654857,Gerald,Peterson,2023-04-21,2005-02-25,555-55-5018,11646 S High Border Drive,Glendale,AZ,85305,623-555-5555
888853,Debra,Bazgan,2023-04-25,2002-10-09,555-55-3016,1956 E 24th Street,Chandler,AZ,85246,623-555-5555
756918,Lydia,Hill,2023-04-28,2004-06-03,555-55-2457,7844 NW Thick Finch Road,Tempe,AZ,85281,602-555-5555
748757,Doug,Rehling,2023-05-02,2005-02-13,555-55-1715,19695 S Bricketts Place,Paradise Valley,AZ,85253,480-555-5555
656408,Shelly,Bilimoria,2023-05-04,2003-05-22,555-55-8381,10595 E 88th Street,Mesa,AZ,85201,480-555-5555
384128,Roland,Lanesbee,2023-05-08,2006-03-02,555-55-3157,11704 E 77th Street,Scottsdale,AZ,85254,480-555-5555
170067,Aaron,Vizzutti,2023-05-25,2003-10-28,555-55-8691,5343 S Moses Jones Boulevard,Chandler,AZ,85248,623-555-5555
557805,Robin,Elliot,2023-05-30,1996-04-28,555-55-6444,11571 SE 24th Street,Phoenix,AZ,85021,480-555-5555
417074,Aaron,Zeyen,2023-05-31,2005-10-06,555-55-6138,16515 N Sharp Drain Lane,Phoenix,AZ,85024,623-555-5555
419041,Samuel,Zi,2023-05-31,2002-07-18,555-55-8110,13314 SW Grooved Pear Boulevard,Phoenix,AZ,85007,480-555-5555
792705,David,Robertory,2023-06-05,2003-09-16,555-55-4257,11772 NW Winter Grove Court,Phoenix,AZ,85020,480-555-5555
255885,Glenn,Sorkin,2023-06-05,2001-08-15,555-55-5223,18978 E Bulging Hide Boulevard,Phoenix,AZ,85026,602-555-5555
158295,Grace,Neame,2023-06-07,1994-12-05,555-55-8890,6615 SW Emerson Way,Phoenix,AZ,85022,623-555-5555
667010,Inez,Biers,2023-06-20,2004-08-11,555-55-6973,14688 NW 46th Avenue,Chandler,AZ,85248,623-555-5555
411281,Greg,La Rosa,2023-06-20,2006-11-06,555-55-2731,4767 W Sycamore Drive,Gilbert,AZ,85295,602-555-5555
710894,Maureen,Southwell,2023-06-26,2004-04-01,555-55-1644,16367 SW 44th Street,Chandler,AZ,85225,602-555-5555
963576,Fraser,Haskins,2023-07-03,2005-10-28,555-55-7180,16855 S 2nd Street,Scottsdale,AZ,85253,602-555-5555
841028,Robert,Henning,2023-07-05,2003-08-26,555-55-9445,4118 N Sheer Arrow Circle,Peoria,AZ,85381,480-555-5555
952303,Carolyn,Mash,2023-07-05,2003-03-05,555-55-8465,13318 NW 98th Avenue,Glendale,AZ,85301,602-555-5555
442971,Yara,Salinas,2023-07-05,2004-05-12,555-55-5718,15876 S Templeton Lane,Mesa,AZ,85211,602-555-5555
720424,Anita,Colvin,2023-07-12,2003-03-29,555-55-1733,8455 N Twisted Leap Way,Phoenix,AZ,85020,602-555-5555
904380,Harry,Solomon,2023-07-19,2000-11-16,555-55-2596,10831 N Seabender Lane,Glendale,AZ,85301,480-555-5555
930196,Edward,Collins,2023-07-21,1989-06-14,555-55-6647,6896 N Roundabout Circle,Scottsdale,AZ,85255,602-555-5555
495532,Craig,Mishkin,2023-07-21,2006-05-28,555-55-9253,15513 S 6th Avenue,Scottsdale,AZ,85253,623-555-5555
305281,Don,Quaranta,2023-07-21,2003-02-11,555-55-8188,6408 NW 50th Avenue,Gilbert,AZ,85296,602-555-5555
347775,Fred,Michelson,2023-07-28,2003-09-15,555-55-5229,13203 N 6th Street,Glendale,AZ,85303,480-555-5555
298645,Richard,Leong,2023-08-21,2000-09-17,555-55-8713,11474 NW Dew Fields Street,Scottsdale,AZ,85259,602-555-5555
143328,Sal,Keelan,2023-08-28,2006-05-21,555-55-8769,10745 W Bending Quest Way,Tempe,AZ,85282,623-555-5555
942813,Kenneth,Gingras,2023-08-31,2003-11-29,555-55-5290,7172 W Brittle Barrell Avenue,Paradise Valley,AZ,85253,480-555-5555
436499,Mackenzie,Grant,2023-09-01,2003-03-23,555-55-2029,8858 N Blushing Cheek Place,Sun Lakes,AZ,85248,623-555-5555
584021,Jesse,Haskell,2023-09-01,2001-11-02,555-55-6501,6984 S Mosshill Street,Phoenix,AZ,85023,623-555-5555
469763,Clyde,Denny,2023-09-11,2004-09-18,555-55-2884,5160 SE Sullen Path Circle,Paradise Valley,AZ,85253,623-555-5555
130601,Georgia,Eckhardt,2023-09-14,2005-10-26,555-55-5979,19145 N 26th Street,Sun Lakes,AZ,85248,623-555-5555
710367,Laura,Kelly,2023-09-15,2004-04-10,555-55-5895,12730 SE 38th Avenue,Chandler,AZ,85246,623-555-5555
657154,Robby,Henderson,2023-09-18,2006-04-10,555-55-9033,13664 SW Eddlewood Drive,Gilbert,AZ,85295,602-555-5555
396838,Michael,Dietz,2023-09-20,1998-02-01,555-55-2589,19957 E Pebblestep Way,Peoria,AZ,85383,480-555-5555
933757,Benjamin,Nesta,2023-09-20,2001-12-13,555-55-1251,14623 S 93rd Street,Gilbert,AZ,85298,602-555-5555
234229,Linn,Loperena,2023-09-21,2006-01-25,555-55-9682,12343 N Blue Thunderbird Road,Phoenix,AZ,85023,480-555-5555
947293,Wanda,Huston,2023-09-22,2002-02-03,555-55-6032,9925 S Bloody Den Place,Paradise Valley,AZ,85253,602-555-5555
184340,Robbie,Suthers,2023-09-29,2003-06-19,555-55-7720,13841 NE Gingerstem Court,Chandler,AZ,85249,623-555-5555
691505,Chelsi,Quintana,2023-10-03,1977-12-19,555-55-6944,3447 NW Orange Grove Place,Las Vegas,NV,89123,702-555-5555
378935,Duncan,Gennis,2023-10-05,2002-03-12,555-55-4592,12051 S 68th Street,Las Vegas,NV,89119,725-555-5555
466796,Angie,Benz,2023-10-07,2004-03-24,555-55-9396,14162 S 81st Avenue,Scottsdale,AZ,85256,480-555-5555
589806,Wade,Rogers,2023-10-09,1976-08-15,555-55-1910,6997 SE 33rd Avenue,Las Vegas,NV,89122,702-555-5555
147263,Hector,Carfagno,2023-10-10,2003-08-28,555-55-9428,12189 N Jaded Harness Circle,Phoenix,AZ,85022,623-555-5555
453413,Melba,Orgolini,2023-10-10,2002-07-28,555-55-6794,9062 S Treasure Vein Avenue,Mesa,AZ,85210,623-555-5555
604362,Ellen,Burns,2023-10-11,1988-10-24,555-55-7192,11412 E 85th Street,Henderson,NV,89016,702-555-5555
659968,Gene,Lansbury,2023-10-19,2004-08-28,555-55-8801,17096 SW 56th Street,Glendale,AZ,85303,480-555-5555
100147,Mickie,Kaminsky,2023-10-24,1998-05-28,555-55-1770,11199 W Drunk Owl Circle,Sun Lakes,AZ,85248,480-555-5555
454385,Jordan,Stockton,2023-10-27,1997-05-25,555-55-6283,7007 E Desperate Mother Avenue,Paradise Valley,AZ,85253,602-555-5555
459695,Katherine,Greenhouse,2023-10-30,1970-11-28,555-55-2236,17538 SE 82nd Street,Henderson,NV,89074,702-555-5555
434604,Richard,Custer,2023-11-01,1980-04-01,555-55-4062,11252 NW Sunstick Avenue,Las Vegas,NV,89122,725-555-5555
488236,Oscar,Darr,2023-11-01,1990-08-12,555-55-2636,2491 E Quivering Vale Avenue,Henderson,NV,89074,725-555-5555
406682,Brendan,Lohmann,2023-11-01,2001-11-08,555-55-7741,6058 SE Bearded Fence Road,Chandler,AZ,85246,480-555-5555
865648,Vince,Cognet,2023-11-02,2001-07-15,555-55-8003,18770 SW Double Fire Avenue,Las Vegas,NV,89120,702-555-5555
489424,Ben,Cook,2023-11-02,2000-06-16,555-55-4778,14318 NW Flying Saucer Way,Las Vegas,NV,89121,702-555-5555
252429,Jamie,Lyttle,2023-11-03,1990-04-25,555-55-8079,19531 NW Striped Cat Street,Henderson,NV,89052,702-555-5555
866665,Jihyun,McKinney,2023-11-06,2006-07-10,555-55-5144,7241 NE Staffmoore Street,Phoenix,AZ,85014,602-555-5555
650798,Keith,Erickson,2023-11-07,2004-05-03,555-55-1903,13522 NW 31st Avenue,Paradise Valley,AZ,85253,602-555-5555
178851,Matthew,Barber,2023-11-10,2006-12-21,555-55-9956,1764 S Idle Fair Street,Henderson,NV,89015,702-555-5555
476823,Annie,Connors,2023-11-10,1977-07-01,555-55-2444,19720 E 74th Street,Las Vegas,NV,89120,702-555-5555
523506,Allen,King,2023-11-10,2004-09-29,555-55-9563,6561 SE Creased Bear Boulevard,Peoria,AZ,85382,602-555-5555
829494,Geraldine,Hunt,2023-11-13,2005-04-25,555-55-8129,10720 E Limping Bluebird Boulevard,Phoenix,AZ,85020,623-555-5555
556075,Karen,Appleton,2023-11-14,1987-05-02,555-55-2631,1347 NE Bloody Lynx Drive,Henderson,NV,89074,702-555-5555
884066,Guy,Arruda,2023-11-14,2002-12-03,555-55-5036,6401 S Pretty Valley Avenue,Scottsdale,AZ,85255,480-555-5555
571104,Brian,Carr,2023-11-15,1980-02-06,555-55-7477,14654 NW 73rd Avenue,Las Vegas,NV,89121,725-555-5555
829833,Susan,Mantle,2023-11-15,2001-08-05,555-55-3885,18513 SE Grooved Pear Way,Henderson,NV,89074,725-555-5555
193071,Angela,Smith,2023-11-15,2003-11-09,555-55-8101,6524 NW Merry Harness Lane,Phoenix,AZ,85011,602-555-5555
978368,Anna,Mazarini,2023-11-20,2003-08-25,555-55-9461,13602 E 43rd Avenue,Phoenix,AZ,85022,602-555-5555
452680,James,Urich,2023-11-21,2004-08-26,555-55-7618,5179 E Fixed Place,Paradise Valley,AZ,85253,623-555-5555
377064,Estelle,Miller,2023-11-24,1997-12-29,555-55-8694,4718 NE Sour Hat Boulevard,Las Vegas,NV,89121,725-555-5555
429260,Vincent,Spangler,2023-11-27,2008-08-24,555-55-8425,6580 N Swinging Citrus Circle,Las Vegas,NV,89123,702-555-5555
360994,Marcia,Quiroz,2023-12-01,1998-07-14,555-55-2196,14562 S Tender Cavern Drive,Las Vegas,NV,89123,702-555-5555
631215,Dominick,Bowles,2023-12-04,2001-07-16,555-55-9926,11582 W Rosy Town Drive,Henderson,NV,89052,725-555-5555
208205,Jere,Cornell,2023-12-04,1978-05-17,555-55-8161,4863 NW 87th Avenue,Gilbert,AZ,85233,602-555-5555
547375,Alain,Kelly,2023-12-04,2001-11-20,555-55-9865,12982 NE Quiet Harpstring Drive,Scottsdale,AZ,85257,623-555-5555
415410,Juliette,Ponech,2023-12-04,2002-02-08,555-55-3937,19000 NE 54th Street,Henderson,NV,89052,702-555-5555
981932,William,Rubin,2023-12-07,2007-05-07,555-55-9167,2954 N 83rd Avenue,Las Vegas,NV,89121,702-555-5555
281689,Ann,Robinson,2023-12-11,2005-08-07,555-55-2360,12237 W Bright Lip Lane,Henderson,NV,89052,725-555-5555
803789,Janice,Cornelius,2023-12-12,1998-10-07,555-55-6678,18290 NW 14th Street,Las Vegas,NV,89122,725-555-5555
501669,Bill,Ousset,2023-12-12,1995-08-21,555-55-1800,16745 NE 91st Street,Scottsdale,AZ,85260,480-555-5555
178999,Kevin,Hardie,2023-12-13,1997-03-09,555-55-9985,4107 SE Tidal Wave Drive,Henderson,NV,89052,725-555-5555
122555,Paul,McNamara,2023-12-13,1989-03-15,555-55-2257,10169 N Dusted Garden Lane,Las Vegas,NV,89123,725-555-5555
973252,Orlando,Malsby,2023-12-15,2004-03-03,555-55-4386,2752 SE 87th Street,Henderson,NV,89052,725-555-5555
976416,Leesa,Bosh,2023-12-18,1999-08-25,555-55-5686,3403 SE Dusty Dustbowl Road,Paradise Valley,AZ,85253,623-555-5555
652212,Larysa,Rosenthal,2023-12-25,2001-12-23,555-55-1300,3185 S 41st Avenue,Gilbert,AZ,85234,602-555-5555
239070,Joe,Vig,2023-12-25,2003-08-19,555-55-1341,16396 SE Yellowjacket Street,Phoenix,AZ,85042,623-555-5555
131093,Carole,Porter,2023-12-27,2002-06-03,555-55-9740,16146 NW Slackjaw Circle,Gilbert,AZ,85295,602-555-5555
735027,Lauren,Baxter,2024-01-05,1997-04-20,555-55-5644,19021 SE Slow Fire Place,Mesa,AZ,85213,480-555-5555
342654,Ashanti,Littlefield,2024-01-05,2006-07-03,555-55-2303,7671 NE 56th Avenue,Phoenix,AZ,85018,480-555-5555
374700,Quentin,Di Tullio,2024-01-08,1998-03-02,555-55-5872,1390 SW Artichoke Road,Las Vegas,NV,89119,725-555-5555
839402,Peter,Perkins,2024-01-08,2004-12-09,555-55-8727,17954 NE 10th Street,Scottsdale,AZ,85260,480-555-5555
296092,Charles,Wilter,2024-01-08,2005-07-23,555-55-4746,14790 N 77th Avenue,Las Vegas,NV,89123,725-555-5555
830681,Michael,Dodman,2024-01-09,2001-12-01,555-55-1384,16605 W Piney Cyst Street,Henderson,NV,89074,702-555-5555
585492,Adam,Ramsey,2024-01-10,1994-01-04,555-55-6946,5742 S 65th Street,Henderson,NV,89016,702-555-5555
813571,Damian,Banks,2024-01-11,2002-06-18,555-55-3245,10919 SW Cornerbend Boulevard,Las Vegas,NV,89123,702-555-5555
641378,David,Wilzbach,2024-01-11,2007-03-13,555-55-7724,8174 S Somber Head Avenue,Gilbert,AZ,85234,623-555-5555
678056,Armand,Brown,2024-01-12,1998-06-16,555-55-5490,14420 E 93rd Street,Henderson,NV,89052,725-555-5555
298210,Jeffrey,D'Orazio,2024-01-15,2001-07-26,555-55-8618,5778 NW Ankle Biter Court,Las Vegas,NV,89120,725-555-5555
702699,Stephen,Dysart,2024-01-15,1998-01-12,555-55-9436,12077 SE Tootheye Avenue,Las Vegas,NV,89123,725-555-5555
110528,Claire,Garrett,2024-01-15,1999-05-08,555-55-9434,6798 NW Strange Mill Drive,Henderson,NV,89052,725-555-5555
337434,Dominik,Tasser,2024-01-15,2006-05-03,555-55-1741,1717 SW Dew Fields Lane,Mesa,AZ,85204,480-555-5555
641525,Julia,Rutledge,2024-01-16,2008-10-24,555-55-1886,10476 NW 52nd Street,Scottsdale,AZ,85259,623-555-5555
988568,Saul,Zagalsky,2024-01-16,1997-11-05,555-55-8461,2853 N 24th Street,Las Vegas,NV,89119,725-555-5555
658065,Melvin,Fleck,2024-01-18,2005-12-06,555-55-5841,1869 NE Crooked Fortress Street,Las Vegas,NV,89121,725-555-5555
363358,Stuart,Goard,2024-01-18,1983-11-03,555-55-8855,2393 SW Cold Ravine Street,Las Vegas,NV,89120,702-555-5555
980130,Wallace,Gribson,2024-01-19,2002-12-01,555-55-1901,1141 S Grand Devil Lane,Chandler,AZ,85246,623-555-5555
731493,Wendy,Kade,2024-01-19,1989-02-15,555-55-5816,15152 NW Citrus Way,Henderson,NV,89052,725-555-5555
381607,Aracely,Chapman,2024-01-22,2006-09-17,555-55-3677,4317 E 53rd Street,Scottsdale,AZ,85251,602-555-5555
243470,Maureen,Martin,2024-01-23,2001-04-01,555-55-2615,9163 NE 57th Avenue,Phoenix,AZ,85021,623-555-5555
466619,Janet,Mukagawa,2024-01-23,2003-05-08,555-55-5958,18126 N Humble Prince Boulevard,Gilbert,AZ,85233,623-555-5555
601693,Marilyn,Nordin,2024-01-23,2007-03-10,555-55-2979,8434 N Bloody Yard Circle,Chandler,AZ,85246,480-555-5555
212399,Paul,Ystrom,2024-01-23,2002-10-11,555-55-3061,17834 N Old Kraken Avenue,Mesa,AZ,85202,602-555-5555
160390,April,Wadman,2024-01-25,1996-12-14,555-55-2918,9880 W 78th Street,Henderson,NV,89052,725-555-5555
818414,Byron,Drake,2024-01-29,2002-08-26,555-55-2778,7157 NE 10th Avenue,Las Vegas,NV,89122,725-555-5555
324931,Chris,Richards,2024-01-31,2003-12-19,555-55-9231,4745 SE 8th Street,Gilbert,AZ,85297,602-555-5555
703919,Nicholas,Kassler,2024-02-02,2000-08-26,555-55-9759,13949 E Petal Fall Way,Las Vegas,NV,89119,702-555-5555
831403,Jim,Lees,2024-02-05,1998-09-26,555-55-6338,19120 NW 54th Avenue,Henderson,NV,89074,725-555-5555
853596,Jeffrey,Ruckerson,2024-02-05,2007-06-16,555-55-8756,11576 W Long Hilt Circle,Chandler,AZ,85246,480-555-5555
513519,Devon,Spurway,2024-02-05,1992-10-30,555-55-5492,13218 W 80th Avenue,Las Vegas,NV,89121,702-555-5555
805935,Neil,Kleinow,2024-02-06,1997-08-28,555-55-3219,8770 NE Whittled Plain Lane,Las Vegas,NV,89120,725-555-5555
703795,Mitch,Neufeld,2024-02-06,2000-12-12,555-55-4164,2876 NE Pointed Finger Lane,Sun Lakes,AZ,85248,602-555-5555
260717,Andy,Pollison,2024-02-08,1987-01-22,555-55-8523,12133 SE 68th Avenue,Las Vegas,NV,89122,725-555-5555
605316,Rick,Zimmerman,2024-02-08,1998-04-17,555-55-3994,14496 E Burnt Buckle Drive,Las Vegas,NV,89120,725-555-5555
528400,Donovan,Patey,2024-02-09,2006-10-09,555-55-6091,4507 SE Slick Bottle Boulevard,Phoenix,AZ,85013,480-555-5555
230453,Adam,Murphy,2024-02-12,2005-03-23,555-55-1059,16069 NE Moonlit Leg Boulevard,Paradise Valley,AZ,85253,623-555-5555
669179,Meikan,Nowak,2024-02-12,2005-02-22,555-55-2150,17159 NW Knotted Cart Street,Las Vegas,NV,89119,725-555-5555
401824,Lee,Pikeman,2024-02-12,1999-08-21,555-55-8838,18583 W Fearless Town Street,Henderson,NV,89016,702-555-5555
710490,Bradford,Kohut,2024-02-13,2007-11-25,555-55-5373,12493 W Jackrabbit Drive,Glendale,AZ,85304,480-555-5555
514817,Steve,Morrill,2024-02-13,2007-08-14,555-55-2291,4544 S 67th Street,Glendale,AZ,85305,602-555-5555
888838,Timothy,Pearson,2024-02-13,2004-08-20,555-55-4355,16269 SW Emerald Street,Henderson,NV,89074,702-555-5555
654109,Minnie,Turei,2024-02-13,1981-03-16,555-55-5350,16500 N Shipyard Boulevard,Las Vegas,NV,89121,702-555-5555
262091,Ryder,McKean,2024-02-19,2004-06-12,555-55-5010,11951 SW Gila Monster Place,Las Vegas,NV,89123,702-555-5555
267934,Jennessa,Schuster,2024-02-19,2000-12-09,555-55-6614,6241 N Torrance Street,Henderson,NV,89052,702-555-5555
137193,Max,Powell,2024-02-20,2004-03-28,555-55-9652,19220 N Horned King Way,Las Vegas,NV,89119,702-555-5555
897962,Carter,Milano,2024-02-20,1986-07-01,555-55-1686,14413 E Staffmoore Road,Las Vegas,NV,89120,702-555-5555
686207,Renato,Poper,2024-02-20,2007-08-02,555-55-4142,12102 SE Moonlit Hog Way,Mesa,AZ,85210,602-555-5555
520185,Dorothy,Turner,2024-02-20,1999-11-08,555-55-1372,10379 E Veronica Boulevard,Las Vegas,NV,89119,725-555-5555
944515,Hugh,Zwicky,2024-02-22,2002-02-07,555-55-4093,7182 E Leafy Tunnel Avenue,Las Vegas,NV,89123,702-555-5555
848685,Cynthia,Dekleer,2024-03-01,2003-10-05,555-55-1471,6800 NE 100th Street,Las Vegas,NV,89123,725-555-5555
194261,Deborah,Evans,2024-03-04,2003-01-20,555-55-7181,6179 E Bricketts Avenue,Henderson,NV,89074,702-555-5555
867907,Mike,Parson,2024-03-06,2006-01-10,555-55-7813,5487 NE Bloody Cloud Place,Glendale,AZ,85304,480-555-5555
800249,Irene,Vorin,2024-03-06,2000-01-21,555-55-4595,1437 W Creeping Cattle Street,Scottsdale,AZ,85251,480-555-5555
167011,Sarah,Blalack,2024-03-07,2006-05-17,555-55-3395,8197 SW Mellow Horizon Road,Las Vegas,NV,89119,725-555-5555
968928,Diana,Desmond,2024-03-07,1997-08-07,555-55-3894,9193 S 28th Avenue,Henderson,NV,89015,702-555-5555
314661,Tony,Merrill,2024-03-07,2006-03-13,555-55-5732,2852 S Emerson Lane,Chandler,AZ,85249,602-555-5555
918048,Alessandra,Teele,2024-03-07,2006-03-18,555-55-3640,13887 NE Spotted Hand Drive,Sun Lakes,AZ,85248,602-555-5555
928384,Lynn,Dougherty,2024-03-11,2007-02-07,555-55-8288,1111 S 4th Street,Scottsdale,AZ,85254,602-555-5555
641589,Carole,Lustgarten,2024-03-12,2008-09-19,555-55-1044,5486 NW Meyers Road,Henderson,NV,89014,702-555-5555
754610,Dana,Nicholson,2024-03-12,2003-06-05,555-55-9067,17338 SE Butterbean Road,Mesa,AZ,85213,602-555-5555
984456,Allison,Sordal,2024-03-20,2004-09-30,555-55-7351,19735 NE Striped Hoof Place,Chandler,AZ,85249,480-555-5555
703016,Natalie,Fuller,2024-03-21,2008-09-01,555-55-9178,8311 W 81st Avenue,Las Vegas,NV,89122,702-555-5555
421260,Gerrit,Van Dijl,2024-03-29,2001-08-12,555-55-1912,7717 SW Deep Shower Avenue,Las Vegas,NV,89122,702-555-5555
637929,Anthony,Gramatky,2024-04-01,2002-09-14,555-55-3253,13352 SE Rippling Rose Avenue,Phoenix,AZ,85046,623-555-5555
303711,Preston,Huxley,2024-04-02,2003-01-07,555-55-3584,9189 SE Humming Bird Avenue,Phoenix,AZ,85024,480-555-5555
637600,Daniel,Coleman,2024-04-04,2006-07-09,555-55-1508,6118 SW Brisk Cacti Avenue,Scottsdale,AZ,85260,602-555-5555
873393,Johann,Alfano,2024-04-10,2007-11-05,555-55-5074,14685 NE Riddleride Court,Phoenix,AZ,85004,623-555-5555
141250,Ambrose,Schlesinger,2024-04-12,2000-12-17,555-55-2225,10220 NW 58th Street,Las Vegas,NV,89120,702-555-5555
645224,Angela,Darancette,2024-04-16,1998-04-28,555-55-6482,15134 SE Rolling Pool Street,Henderson,NV,89015,702-555-5555
545816,Oliver,Kimmer,2024-04-16,2006-10-11,555-55-5094,12343 N 90th Street,Paradise Valley,AZ,85253,480-555-5555
950227,Natasha,Stringer,2024-04-17,2006-05-29,555-55-4625,3644 S Cow Skull Drive,Phoenix,AZ,85037,602-555-5555
103829,Jami,Paulin,2024-04-25,2006-10-17,555-55-1258,2428 SE Spotted Bear Way,Phoenix,AZ,85021,480-555-5555
223608,Salvatore,Patterson,2024-04-26,2005-12-13,555-55-2648,13649 W Lazy Cloud Place,Phoenix,AZ,85046,623-555-5555
786091,Francheza,Bunker,2024-05-06,2004-11-26,555-55-8251,12125 SE Grave Tidings Lane,Tempe,AZ,85281,623-555-5555
974571,Shawna,Davis,2024-05-08,2001-02-11,555-55-5727,6536 N 13th Avenue,Tolleson,AZ,85353,602-555-5555
946566,Dana,Newton,2024-05-08,2007-10-27,555-55-6703,16889 N Quarterby Place,Scottsdale,AZ,85254,602-555-5555
477412,Jill,Eaton,2024-05-09,2006-08-08,555-55-1100,12316 NE Green Grocer Avenue,Chandler,AZ,85246,623-555-5555
342846,George,Byers,2024-05-13,2008-05-17,555-55-6137,18818 S Bitter Gum Place,Phoenix,AZ,85033,480-555-5555
149499,Lisa,Phelps,2024-05-13,2000-01-13,555-55-8357,1219 W 28th Street,Scottsdale,AZ,85257,623-555-5555
921083,Roisin,Drozen,2024-05-14,2003-07-30,555-55-3890,8344 NE 90th Avenue,Gilbert,AZ,85297,480-555-5555
340021,Gregory,Valdez,2024-05-14,2004-05-11,555-55-3222,4150 S Hunted Coyote Circle,Glendale,AZ,85301,480-555-5555
494240,Laurie,Innes,2024-05-15,1986-02-14,555-55-5481,12517 NW Sinking Wagon Place,Phoenix,AZ,85035,623-555-5555
573745,Pamela,Aversa,2024-05-17,2003-07-27,555-55-2714,6171 N Small Pit Court,Henderson,NV,89052,725-555-5555
548877,Ogden,Ulyate,2024-05-17,2007-12-18,555-55-9369,18394 SW Foolish Courthouse Street,Glendale,AZ,85301,480-555-5555
472490,Lisbet,Wooten,2024-05-21,2005-05-01,555-55-1549,3196 SE Soft Sunrise Drive,Sun Lakes,AZ,85248,602-555-5555
478414,Abby,Rochin,2024-05-23,2007-06-27,555-55-6893,14433 NW Pointed Finger Court,Phoenix,AZ,85040,480-555-5555
360073,Ezra,Southgate,2024-05-27,2000-09-07,555-55-5000,13183 E Clear Day Lane,Scottsdale,AZ,85253,623-555-5555
109840,Kathleen,Larson,2024-06-06,2005-10-01,555-55-1698,8902 S Low Sights Way,Sun Lakes,AZ,85248,602-555-5555
911559,Kimberly,Lugo,2024-06-11,2008-05-31,555-55-3807,17750 N 85th Avenue,Paradise Valley,AZ,85253,602-555-5555
275350,Bob,Yangtz,2024-06-14,2005-10-10,555-55-9299,12357 E Butterbean Place,Chandler,AZ,85248,602-555-5555
781861,Jordan,Cummings,2024-06-25,2004-03-04,555-55-7907,5825 W 48th Avenue,Gilbert,AZ,85233,602-555-5555
323463,Dell,Warren,2024-06-25,2006-04-20,555-55-3408,9008 NE 76th Avenue,Gilbert,AZ,85234,602-555-5555
808183,Tammy,Lapp,2024-06-26,2005-12-16,555-55-7674,7560 NE 40th Avenue,Phoenix,AZ,85015,480-555-5555
711849,Sherry,Riley,2024-06-27,2000-03-07,555-55-6695,15327 SE 68th Street,Phoenix,AZ,85036,480-555-5555
200691,Jim,Stewart,2024-06-28,2008-09-22,555-55-9615,17933 NE Wicked Wart Street,Scottsdale,AZ,85254,623-555-5555
872875,Clark,Moreland,2024-07-01,2007-05-04,555-55-6494,7953 E Patchy Tumbleweed Boulevard,Tolleson,AZ,85353,623-555-5555
340943,Maya,Zappia,2024-07-04,2005-01-27,555-55-6295,19543 SW Drunk Owl Place,Tempe,AZ,85282,480-555-5555
940908,Nolan,Lister,2024-07-05,2007-09-22,555-55-8959,9857 SW Bleak Wagon Lane,Scottsdale,AZ,85260,623-555-5555
328489,Martha,Spencer,2024-07-08,2005-11-06,555-55-8910,6820 S Sunder Street,Phoenix,AZ,85022,623-555-5555
426388,Shawnie,Castor,2024-07-09,2004-05-09,555-55-8125,3630 E 98th Avenue,Chandler,AZ,85225,480-555-5555
266503,Christoph,Rous,2024-07-15,1997-09-01,555-55-4001,4077 NE Soupy Hills Boulevard,Las Vegas,NV,89119,702-555-5555
382946,Andrew,Cohen,2024-07-16,1999-03-05,555-55-9654,4872 N Slow Park Court,Sun Lakes,AZ,85248,623-555-5555
190024,Isaac,Caine,2024-07-17,2007-10-13,555-55-5197,15916 NW Quiet Tumbleweed Lane,Tempe,AZ,85282,602-555-5555
505446,Wesley,Schumer,2024-07-22,2007-07-07,555-55-8172,11688 S Footfall Circle,Phoenix,AZ,85047,623-555-5555
681243,Ian,Holst,2024-07-23,2007-10-02,555-55-6320,15182 SW 54th Street,Tempe,AZ,85283,480-555-5555
665925,Michael,MacAllistair,2024-07-25,2000-08-16,555-55-3628,12726 N 25th Avenue,Paradise Valley,AZ,85253,623-555-5555
559296,Douglas,Sylvester,2024-07-25,2000-08-15,555-55-9786,12057 SE Staffmoore Way,Las Vegas,NV,89123,725-555-5555
403337,Lillian,Hedley,2024-07-26,2006-12-10,555-55-1269,7063 SW Slender Nectar Way,Tolleson,AZ,85353,623-555-5555
126553,Matthew,Effler,2024-07-29,2007-07-17,555-55-4032,17886 E 17th Avenue,Mesa,AZ,85208,480-555-5555
684455,Thomas,Grinder,2024-07-30,2005-11-19,555-55-9364,10193 NW 8th Street,Phoenix,AZ,85023,480-555-5555
293966,Kayleigh,Meadows,2024-07-31,2008-07-28,555-55-6104,9272 N Striped Cat Lane,Paradise Valley,AZ,85253,602-555-5555
778774,Bethany,Huebner,2024-08-15,2008-02-06,555-55-8900,9187 NW 37th Street,Scottsdale,AZ,85257,480-555-5555
524882,Norman,Knight,2024-08-15,2001-07-13,555-55-8226,17085 E 16th Street,Scottsdale,AZ,85251,623-555-5555
853573,Kevin,Mayorga,2024-08-15,2002-06-14,555-55-3327,7687 W Pierced Skipper Circle,Phoenix,AZ,85022,623-555-5555
335282,Laura,Reavis,2024-08-15,2007-07-12,555-55-9186,4615 SW Jackrabbit Street,Paradise Valley,AZ,85253,623-555-5555
851457,Gary,Sosalla,2024-08-15,2006-05-27,555-55-6815,11007 S Cold Creek Boulevard,Glendale,AZ,85307,480-555-5555
503019,Dustin,Mann,2024-08-19,2005-01-07,555-55-5632,14605 S 15th Avenue,Scottsdale,AZ,85256,623-555-5555
225812,Cherie,Thorin,2024-08-19,2005-10-02,555-55-1540,14664 SE Winebarrel Court,Henderson,NV,89052,725-555-5555
319663,Megan,DiMaggio,2024-08-20,2007-01-02,555-55-7556,17704 NW Sloping Hare Place,Scottsdale,AZ,85256,623-555-5555
363725,Ana,Townsend,2024-08-20,2000-10-25,555-55-7697,5677 NE 94th Street,Phoenix,AZ,85021,623-555-5555
261874,Rahma,Pope,2024-08-21,2008-04-17,555-55-1481,1027 SE Wormwood Lane,Phoenix,AZ,85033,602-555-5555
859077,Ava,Small,2024-08-22,2003-01-13,555-55-1379,16534 N Wavy Horse Drive,Henderson,NV,89016,725-555-5555
463231,Fabiola,Chimerofsky,2024-08-26,2005-12-21,555-55-3872,4897 S 87th Street,Phoenix,AZ,85037,602-555-5555
812282,Liz,Strand,2024-08-26,2006-11-08,555-55-9848,8543 NE Tidal Wave Court,Phoenix,AZ,85051,623-555-5555
106768,Steven,McDuffee,2024-09-09,2006-02-09,555-55-1639,9692 SE 11th Avenue,Peoria,AZ,85380,623-555-5555
185020,Polly,Candish,2024-09-10,2006-07-19,555-55-5918,17937 N Tidal Wave Way,Mesa,AZ,85207,623-555-5555
806370,Sandy,Logan,2024-09-10,1998-02-11,555-55-2374,2919 W 9th Avenue,Tempe,AZ,85283,602-555-5555
112603,Raster,Kent,2024-09-11,2007-10-20,555-55-2957,15826 N Strange Water Lane,Chandler,AZ,85246,623-555-5555
903585,Holly,Marino,2024-09-16,2006-05-08,555-55-4875,13129 S Broken Wheel Lane,Peoria,AZ,85380,602-555-5555
402630,Hallie,Schuetz,2024-09-19,2004-03-02,555-55-9849,3248 NW 91st Street,Glendale,AZ,85305,602-555-5555
614024,Casey,Thomas,2024-09-24,2003-11-03,555-55-5513,14585 W 51st Street,Tempe,AZ,85283,480-555-5555
964058,Dayton,Jennings,2024-10-01,2003-11-22,555-55-8497,9470 E 6th Avenue,Henderson,NV,89052,725-555-5555
720979,Lois,Steinke,2024-10-11,2001-06-06,555-55-8584,15170 SE Low Fortress Way,Tempe,AZ,85283,623-555-5555
586698,Thia,Neill,2024-10-23,2000-04-30,555-55-9118,18216 S 17th Avenue,Glendale,AZ,85304,623-555-5555
611207,Gino,Chua,2024-10-31,2005-04-08,555-55-7766,19541 SE Horned King Drive,Tempe,AZ,85282,623-555-5555
720689,Herman,Becroft,2024-11-04,1997-10-10,555-55-2581,7051 SE 67th Avenue,Mesa,AZ,85210,623-555-5555
435103,Gavin,Baur,2024-11-06,2006-09-14,555-55-5075,19408 N Torrance Boulevard,Paradise Valley,AZ,85253,602-555-5555
220354,Sunshine,Schaffer,2024-11-08,2007-03-31,555-55-6205,17088 SE Greased Fletchers Road,Glendale,AZ,85302,623-555-5555
440568,Ross,Sanova,2024-11-13,2003-05-02,555-55-1011,7127 W Cold House Circle,Gilbert,AZ,85233,623-555-5555
370066,Bradley,Anderson,2024-11-14,2004-03-15,555-55-6067,18084 W 100th Street,Phoenix,AZ,85030,480-555-5555
695119,Joann,Patno,2024-11-15,2008-08-31,555-55-1931,15478 NW 43rd Street,Scottsdale,AZ,85257,623-555-5555
881023,Raymond,Asrow,2024-11-20,2004-01-18,555-55-2696,4324 N 99th Street,Phoenix,AZ,85005,602-555-5555
965581,Belinda,Frantzvog,2024-11-20,2006-01-29,555-55-9031,15475 N 1st Avenue,Mesa,AZ,85213,602-555-5555
613772,Al,Constable,2024-11-25,2007-03-11,555-55-9222,18263 NW 88th Street,Peoria,AZ,85380,623-555-5555
529467,Mary,Gregory,2024-11-28,2008-12-19,555-55-8906,4370 NE 14th Street,Tolleson,AZ,85353,623-555-5555
120582,Sari,Joyner,2024-12-05,1997-07-27,555-55-6034,6251 NE 14th Avenue,Mesa,AZ,85211,602-555-5555
722777,Tanra,Smith-Simmons,2024-12-16,2007-10-05,555-55-8134,2851 E Cornerbend Lane,Phoenix,AZ,85018,602-555-5555
166221,Jane,Suchet,2024-12-16,2007-11-15,555-55-2322,17282 S Shabby Cantaloupe Way,Scottsdale,AZ,85255,480-555-5555
557703,Kerry,Alfredsson,2024-12-24,2007-10-12,555-55-6118,10254 NW High Hopes Way,Phoenix,AZ,85023,480-555-5555
857636,Winnie,Vernieu,2025-01-10,2004-07-23,555-55-6676,19328 N Burnt Cacti Boulevard,Henderson,NV,89015,702-555-5555
157759,Steven,Younie,2025-02-12,2005-05-10,555-55-4815,3723 E Shooting Mosquito Way,Henderson,NV,89074,725-555-5555
852233,Joseph,Kellogg,2025-02-18,2008-05-11,555-55-4322,13945 E 95th Street,Phoenix,AZ,85035,480-555-5555
694308,Kelly,Bralver,2025-02-24,2008-03-30,555-55-7229,15043 W Striped Hare Road,Phoenix,AZ,85053,623-555-5555
297172,Erik,Thomas,2025-02-24,2008-08-13,555-55-3435,16850 N Greased Corral Court,Henderson,NV,89074,725-555-5555
172933,Craig,Rowlands,2025-03-04,2008-02-09,555-55-3674,16902 NE Dark Summer Way,Sun Lakes,AZ,85248,480-555-5555
342441,Edward,Duke,2025-03-10,1999-11-09,555-55-5297,18469 S Painted Juncture Court,Las Vegas,NV,89121,725-555-5555
980222,Christian,Denter,2025-03-14,2008-04-30,555-55-5020,11856 NW Sommersville Avenue,Scottsdale,AZ,85253,623-555-5555
118936,Meyer,Young,2025-03-24,2008-12-09,555-55-1700,15995 N Pickled Ditch Avenue,Phoenix,AZ,85002,480-555-5555
142406,Renee,Wishart,2025-03-24,2008-01-02,555-55-4693,18679 N Victoria Place,Phoenix,AZ,85002,602-555-5555
988846,Tami,Grace,2025-03-31,2001-02-23,555-55-9339,8135 NE 85th Avenue,Las Vegas,NV,89123,702-555-5555
561929,Eileen,Bonner,2025-04-04,2003-12-25,555-55-1021,14431 E Hardtack Street,Henderson,NV,89052,725-555-5555
396011,Jeff,Santos,2025-04-09,2008-08-02,555-55-1172,10488 NE 20th Street,Phoenix,AZ,85023,623-555-5555
428213,Zara,Marlett,2025-04-15,2005-03-01,555-55-6559,5009 SW Pebblestep Drive,Henderson,NV,89052,725-555-5555
593199,Rachel,Kress,2025-04-16,2008-09-25,555-55-1275,10901 W Yellowjacket Boulevard,Phoenix,AZ,85024,480-555-5555
832550,Hayera,Nash,2025-05-19,2008-03-03,555-55-5802,5257 W Narrow Jump Road,Glendale,AZ,85306,602-555-5555
290161,Ryan,Bigoney,2025-05-30,2005-12-19,555-55-3005,6133 N Breadwinner Avenue,Henderson,NV,89052,702-555-5555
798271,Marcus,Hoye,2025-05-30,2005-05-18,555-55-6653,8604 SW 23rd Avenue,Las Vegas,NV,89123,725-555-5555
573835,Charlie,Athons,2025-06-02,2008-06-21,555-55-7003,4153 W Rough Melon Court,Paradise Valley,AZ,85253,623-555-5555
543489,Dave,Douglas,2025-06-06,2008-07-01,555-55-2909,1135 S 96th Street,Glendale,AZ,85301,602-555-5555
459256,Sharon,Mason,2025-07-08,2008-01-05,555-55-9778,5058 NW Rusted Well Lane,Gilbert,AZ,85233,623-555-5555
192020,Anne-Elise,Willis,2025-07-10,1991-11-07,555-55-3739,17078 NE Running Hole Lane,Las Vegas,NV,89123,702-555-5555
789643,Nigel,Magnus,2025-08-11,2007-12-19,555-55-2488,13702 S Hazy Raven Circle,Gilbert,AZ,85295,480-555-5555
849501,Gene,Torres,2025-08-19,2008-06-13,555-55-9073,6005 W 73rd Avenue,Phoenix,AZ,85027,480-555-5555
907818,Akito,Tsumura,2025-08-22,2008-01-08,555-55-4851,9758 NW Rapid Barn Circle,Mesa,AZ,85216,602-555-5555
466877,Josie,Porcaro,2025-08-25,2008-08-16,555-55-3985,13576 S 11th Avenue,Mesa,AZ,85205,602-555-5555
995136,Jonah,Shostac,2025-08-26,2003-01-06,555-55-8364,3292 NW 14th Avenue,Las Vegas,NV,89123,702-555-5555
371694,Rebecca,Hayes,2025-08-28,2007-06-25,555-55-5819,9228 W Sober Fortress Street,Henderson,NV,89052,702-555-5555
441220,Martin,McWilliams,2025-09-04,2008-07-30,555-55-6707,13563 SW Talking Hat Court,Tolleson,AZ,85353,480-555-5555
280101,Brenda,Cowgill,2025-09-09,2008-06-28,555-55-5585,2359 W Hunted Coyote Street,Phoenix,AZ,85020,480-555-5555
727334,Cassie,Hope,2025-09-09,2008-01-25,555-55-6518,1444 W 49th Avenue,Gilbert,AZ,85233,602-555-5555
611192,Andrew,Dorn,2025-10-14,2008-12-01,555-55-3590,9393 W Grave Tidings Road,Peoria,AZ,85383,623-555-5555
593192,Mark,Poirier,2025-11-13,2008-11-12,555-55-1006,7260 E 69th Street,Tempe,AZ,85281,623-555-5555
879813,Sheila,Lopez,2025-11-21,2008-11-17,555-55-1301,5522 NW 87th Avenue,Phoenix,AZ,85001,623-555-5555
930365,Leanna,Michelson,2025-12-08,2007-12-26,555-55-4232,7643 NE Sinister Trail Road,Glendale,AZ,85305,480-555-5555